{"value_line": 1.0789512998064634, "quality_score": 22.5, "total_share": 685486666.6666667, "eps_excl": 0.05952646781362146, "yoy": -0.145, "latest_report": "2026-03-31"}