{"value_line": 7.547959321062809, "quality_score": 43.457504655160065, "total_share": 488704999.99999994, "eps_excl": 0.12980018620640266, "yoy": 0.2465, "latest_report": "2026-03-31"}