{"value_line": 19.53916696333215, "quality_score": 30.045834816660737, "total_share": 4801709401.709402, "eps_excl": 0.7018333926664294, "yoy": -0.5216, "latest_report": "2026-03-31"}