{"value_line": 7.421110440967283, "quality_score": 36.74395448079659, "total_share": 1714634146.3414636, "eps_excl": 0.36975817923186344, "yoy": -0.3344, "latest_report": "2026-03-31"}