{"value_line": 6.294761267605633, "quality_score": 49.52717136150235, "total_share": 2366666666.666667, "eps_excl": 0.13225352112676056, "yoy": 0.34950000000000003, "latest_report": "2026-03-31"}