{"value_line": 15.592123630985915, "quality_score": 57.49130281690141, "total_share": 1566464423.6072807, "eps_excl": 0.6179521126760563, "yoy": 0.1493, "latest_report": "2026-03-31"}