{"value_line": 27.92954681438356, "quality_score": 62.20354452054795, "total_share": 384261086.9851296, "eps_excl": 0.5881417808219178, "yoy": 0.7426999999999999, "latest_report": "2026-03-31"}