{"value_line": 5.801492564516129, "quality_score": 34.1913440860215, "total_share": 1766381766.3817663, "eps_excl": 0.11888709677419355, "yoy": 0.22089999999999999, "latest_report": "2026-03-31"}