{"value_line": 1.75352527750736, "quality_score": 23.119999999999997, "total_share": 1230402482.2695036, "eps_excl": 0.00899973802033873, "yoy": 0.0392, "latest_report": "2026-03-31"}