{"value_line": 3.4373871043748894, "quality_score": 57.72961922524541, "total_share": 283074281.1501597, "eps_excl": 0.10918476900981634, "yoy": 0.7103, "latest_report": "2026-03-31"}