{"value_line": 9.415022478386167, "quality_score": 29.711815561959654, "total_share": 8675000000.0, "eps_excl": 0.3884726224783862, "yoy": -0.3114, "latest_report": "2026-03-31"}