{"value_line": 4.814365183949524, "quality_score": 41.58486901335695, "total_share": 19361337333.904842, "eps_excl": 0.14962809386761125, "yoy": 0.2059, "latest_report": "2026-03-31"}