{"value_line": 24.448824307016743, "quality_score": 65.70991713170494, "total_share": 8607086614.173227, "eps_excl": 1.1225633519348643, "yoy": 0.2025, "latest_report": "2026-03-31"}