{"value_line": 77.37942912276709, "quality_score": 65.0, "total_share": 7576724137.931035, "eps_excl": 5.446549095460234, "yoy": -0.1402, "latest_report": "2026-03-31"}