{"value_line": 11.056366402921483, "quality_score": 48.00229762629336, "total_share": 11529824561.40351, "eps_excl": 0.5680919050517346, "yoy": 0.008, "latest_report": "2026-03-31"}