{"value_line": 17.89694620976864, "quality_score": 55.21589974293059, "total_share": 1012054461.8853525, "eps_excl": 1.1086359897172238, "yoy": -0.47259999999999996, "latest_report": "2026-03-31"}