{"value_line": 15.241021066666667, "quality_score": 75.7459090909091, "total_share": 693180226.8589834, "eps_excl": 0.6059030303030303, "yoy": 0.46740000000000004, "latest_report": "2026-03-31"}