{"value_line": 3.8427531914163406, "quality_score": 22.5, "total_share": 445634705.8823529, "eps_excl": 0.01255063828326815, "yoy": -0.6265999999999999, "latest_report": "2026-03-31"}