{"value_line": 4.792177499999999, "quality_score": 26.8597972972973, "total_share": 3341935483.870968, "eps_excl": 0.2743918918918919, "yoy": -0.2193, "latest_report": "2026-03-31"}