{"value_line": 4.752979386976745, "quality_score": 15.0, "total_share": 1536812008.5775554, "eps_excl": 0.05459587739534884, "yoy": -0.6347999999999999, "latest_report": "2026-03-31"}