{"value_line": 28.575270037453183, "quality_score": 41.85120786516854, "total_share": 970909090.9090909, "eps_excl": 0.6880149812734082, "yoy": 0.10830000000000001, "latest_report": "2026-03-31"}