{"value_line": 29.921702855384613, "quality_score": 96.7658717948718, "total_share": 118779314.12560152, "eps_excl": 1.4649015384615385, "yoy": 0.4596, "latest_report": "2026-03-31"}