{"value_line": 7.051414110429448, "quality_score": 39.20707055214724, "total_share": 343809322.92765236, "eps_excl": 0.4682828220858896, "yoy": -1.1540000000000001, "latest_report": "2026-03-31"}