{"value_line": 7.572258536585366, "quality_score": 20.711292682926832, "total_share": 1026026026.0260259, "eps_excl": 0.32845170731707324, "yoy": -0.6507999999999999, "latest_report": "2026-03-31"}