{"value_line": 28.701168778433022, "quality_score": 76.53706823925863, "total_share": 860144927.536232, "eps_excl": 0.8614827295703453, "yoy": 0.7123, "latest_report": "2026-03-31"}