{"value_line": 4.347477401121879, "quality_score": 37.163333333333334, "total_share": 700610000.0, "eps_excl": 0.08774710609326158, "yoy": 0.022799999999999997, "latest_report": "2026-03-31"}