{"value_line": 4.070398136392065, "quality_score": 30.0, "total_share": 886268571.4285713, "eps_excl": 0.04966079292313843, "yoy": -0.3951, "latest_report": "2026-03-31"}