{"value_line": 15.75543606003729, "quality_score": 45.82915423658587, "total_share": 2016796189.5211833, "eps_excl": 0.7025995027967682, "yoy": -0.08689999999999999, "latest_report": "2026-03-31"}