{"value_line": 1.4260082572861434, "quality_score": 30.0, "total_share": 1820220183.4862385, "eps_excl": 0.043053362835426705, "yoy": -0.17309999999999998, "latest_report": "2026-03-31"}