{"value_line": 14.13214752542373, "quality_score": 67.62672316384182, "total_share": 483210483.2104832, "eps_excl": 0.587735593220339, "yoy": 0.336, "latest_report": "2026-03-31"}