{"value_line": 13.535806451612903, "quality_score": 57.03225806451613, "total_share": 1550000000.0, "eps_excl": 0.38129032258064516, "yoy": 1.6319, "latest_report": "2026-03-31"}