{"value_line": 5.392673556647843, "quality_score": 41.08666666666667, "total_share": 705847222.2222223, "eps_excl": 0.02914738395545148, "yoy": 0.3472, "latest_report": "2026-03-31"}