{"value_line": 2.3829050014964706, "quality_score": 30.91445105882353, "total_share": 691056910.5691056, "eps_excl": 0.1365780423529412, "yoy": -0.3023, "latest_report": "2026-03-31"}