{"value_line": 7.934221594397544, "quality_score": 50.0, "total_share": 1394515050.1672242, "eps_excl": 0.023211079719877206, "yoy": 1.4238, "latest_report": "2026-03-31"}