{"value_line": 4.543738253521127, "quality_score": 47.629999999999995, "total_share": 1256637168.141593, "eps_excl": 0.08594366197183098, "yoy": 0.3308, "latest_report": "2026-03-31"}