{"value_line": 9.196073619631902, "quality_score": 27.030368098159506, "total_share": 9939024390.243902, "eps_excl": 0.28121472392638036, "yoy": -0.6906, "latest_report": "2026-03-31"}