{"value_line": 14.768688524590164, "quality_score": 67.59836065573771, "total_share": 2208620689.6551723, "eps_excl": 0.5039344262295082, "yoy": 3.4958, "latest_report": "2026-03-31"}