{"value_line": 76.68046400717168, "quality_score": 63.17583333333333, "total_share": 5577499999.999999, "eps_excl": 4.967458538771852, "yoy": -0.0027, "latest_report": "2026-03-31"}