{"value_line": 14.144958377539226, "quality_score": 67.07397605284889, "total_share": 1496170002.470966, "eps_excl": 0.7933590421139555, "yoy": 0.2384, "latest_report": "2026-03-31"}