{"value_line": 14.064604240282685, "quality_score": 51.42124263839811, "total_share": 1132000000.0, "eps_excl": 0.24558303886925795, "yoy": 0.33340000000000003, "latest_report": "2026-03-31"}