{"value_line": 11.738, "quality_score": 26.2125748502994, "total_share": 1336000000.0, "eps_excl": 0.24850299401197604, "yoy": -0.1316, "latest_report": "2026-03-31"}