{"value_line": 9.335765797254489, "quality_score": 46.612720872932066, "total_share": 3964001674.3407288, "eps_excl": 0.1861755015839493, "yoy": 0.405, "latest_report": "2026-03-31"}