{"value_line": 4.899263855215981, "quality_score": 32.44385094758409, "total_share": 36606250000.0, "eps_excl": 0.11555403790336348, "yoy": 0.0638, "latest_report": "2026-03-31"}