{"value_line": 36.969892682926826, "quality_score": 57.5, "total_share": 553934284.4790316, "eps_excl": 1.7059785365853657, "yoy": -0.8637, "latest_report": "2026-03-31"}