{"value_line": 8.338235294117647, "quality_score": 29.641176470588235, "total_share": 386363636.3636364, "eps_excl": 0.3856470588235294, "yoy": -62.8025, "latest_report": "2026-03-31"}