{"value_line": 11.882191087248323, "quality_score": 29.93279082774049, "total_share": 464898595.94383776, "eps_excl": 0.309744966442953, "yoy": 0.0661, "latest_report": "2026-03-31"}