{"value_line": 15.78703723905724, "quality_score": 31.92087542087542, "total_share": 813698630.1369864, "eps_excl": 0.4768350168350168, "yoy": -0.20370000000000002, "latest_report": "2026-03-31"}