{"value_line": 9.473555242236024, "quality_score": 43.04121635610766, "total_share": 918250950.5703422, "eps_excl": 0.4715486542443064, "yoy": 0.0929, "latest_report": "2026-03-31"}