{"value_line": 4.462744657003075, "quality_score": 30.213723285015377, "total_share": 614148837.2093023, "eps_excl": 0.10854893140061497, "yoy": -0.7026, "latest_report": "2026-03-31"}