{"value_line": 11.65690237402259, "quality_score": 38.231775267883, "total_share": 2774162448.7828393, "eps_excl": 0.38750434404865336, "yoy": -0.0821, "latest_report": "2026-03-31"}