{"value_line": 25.29503356104651, "quality_score": 66.54908430232558, "total_share": 1026865671.641791, "eps_excl": 1.3078633720930233, "yoy": 0.0089, "latest_report": "2026-03-31"}