{"value_line": 31.5438383012945, "quality_score": 68.75501618122978, "total_share": 642011219.6135466, "eps_excl": 1.4781673139158578, "yoy": 0.1023, "latest_report": "2026-03-31"}