{"value_line": 19.23241814348647, "quality_score": 52.99663782252989, "total_share": 1313223140.4958677, "eps_excl": 0.8231655129011958, "yoy": -0.015700000000000002, "latest_report": "2026-03-31"}