{"value_line": 9.435038014545453, "quality_score": 37.294954545454544, "total_share": 526819923.37164754, "eps_excl": 0.41949818181818177, "yoy": 0.0167, "latest_report": "2026-03-31"}