{"value_line": 16.287255206666664, "quality_score": 77.49116666666666, "total_share": 802139037.4331551, "eps_excl": 0.5996466666666667, "yoy": 0.8523000000000001, "latest_report": "2026-03-31"}