{"value_line": 5.446728094896551, "quality_score": 42.5, "total_share": 4925271739.130435, "eps_excl": 0.003336404744827586, "yoy": 1.1169, "latest_report": "2026-03-31"}