{"value_line": 4.33699950206257, "quality_score": 45.85666666666667, "total_share": 1019943019.94302, "eps_excl": 0.09743152122905026, "yoy": 0.3004, "latest_report": "2026-03-31"}