{"value_line": 13.686941333333333, "quality_score": 75.06666666666666, "total_share": 461538461.5384615, "eps_excl": 0.5026666666666666, "yoy": 0.7978000000000001, "latest_report": "2026-03-31"}