{"value_line": 4.29001925369489, "quality_score": 53.97666666666667, "total_share": 504976666.6666667, "eps_excl": 0.07641145135418798, "yoy": 0.4396, "latest_report": "2026-03-31"}