{"value_line": 12.781503989361703, "quality_score": 42.51613475177305, "total_share": 989473684.2105263, "eps_excl": 0.5204787234042554, "yoy": 0.19149999999999998, "latest_report": "2026-03-31"}