{"value_line": 2.1148462569404556, "quality_score": 22.5, "total_share": 227086956.52173913, "eps_excl": 0.05496925138809114, "yoy": -4.6961, "latest_report": "2026-03-31"}