{"value_line": 12.199828344594593, "quality_score": 37.717533783783786, "total_share": 535843591.6002897, "eps_excl": 0.4087013513513513, "yoy": -0.1975, "latest_report": "2026-03-31"}