{"value_line": 3.6869911848665584, "quality_score": 42.69669856488055, "total_share": 666286000.0, "eps_excl": 0.10786794259522187, "yoy": 0.5454, "latest_report": "2026-03-31"}