{"value_line": 4.813584927184467, "quality_score": 22.5, "total_share": 895652173.9130434, "eps_excl": 0.014716985436893208, "yoy": -0.7555, "latest_report": "2026-03-31"}