{"value_line": 23.678919390558274, "quality_score": 80.7748124387855, "total_share": 3465010520.6000133, "eps_excl": 1.4253924975514203, "yoy": 0.2024, "latest_report": "2026-03-31"}