{"value_line": 9.409768407123288, "quality_score": 54.529860730593605, "total_share": 1040182388.1447706, "eps_excl": 0.309561095890411, "yoy": 0.23070000000000002, "latest_report": "2026-03-31"}