{"value_line": 33.99218674669868, "quality_score": 95.36034613845538, "total_share": 1173239436.6197183, "eps_excl": 1.3279471788715487, "yoy": 0.49420000000000003, "latest_report": "2026-03-31"}