{"value_line": 13.114567379166665, "quality_score": 65.1746875, "total_share": 556844547.5638051, "eps_excl": 0.5944208333333333, "yoy": 0.29109999999999997, "latest_report": "2026-03-31"}