{"value_line": 5.7073557407407405, "quality_score": 65.0, "total_share": 981818181.8181819, "eps_excl": 0.09936778703703703, "yoy": 4.6675, "latest_report": "2026-03-31"}