{"value_line": 5.970326514298839, "quality_score": 30.860833333333332, "total_share": 1203143610.0131752, "eps_excl": 0.05037345458646979, "yoy": 0.17190000000000003, "latest_report": "2026-03-31"}