{"value_line": 12.84368986693961, "quality_score": 33.618449334698056, "total_share": 523187319.26743066, "eps_excl": 0.5447379733879222, "yoy": -1.7338999999999998, "latest_report": "2026-03-31"}