{"value_line": 28.267978977094444, "quality_score": 57.5, "total_share": 1367811158.7982833, "eps_excl": 1.7875274552871037, "yoy": -0.166, "latest_report": "2026-03-31"}