{"value_line": 14.095834758007118, "quality_score": 69.2868549822064, "total_share": 2861021550.992703, "eps_excl": 0.5714741992882564, "yoy": 0.5164, "latest_report": "2026-03-31"}