{"value_line": 34.727302485702445, "quality_score": 90.96566238430722, "total_share": 1472239170.2257473, "eps_excl": 1.4134931620389555, "yoy": 0.3822, "latest_report": "2026-03-31"}