{"value_line": 25.914812637661456, "quality_score": 74.95232664853842, "total_share": 1000680272.1088436, "eps_excl": 1.1861930659415363, "yoy": 0.2051, "latest_report": "2026-03-31"}