{"value_line": 7.361556072727272, "quality_score": 49.376060606060605, "total_share": 3235294117.6470585, "eps_excl": 0.16010909090909092, "yoy": 0.2064, "latest_report": "2026-03-31"}