{"value_line": 4.890019277108434, "quality_score": 15.0, "total_share": 1383333333.3333335, "eps_excl": 0.05600385542168674, "yoy": -14.333599999999999, "latest_report": "2026-03-31"}