{"value_line": 2.1690923125, "quality_score": 22.5, "total_share": 6050420168.067226, "eps_excl": 0.09172916666666667, "yoy": -0.41229999999999994, "latest_report": "2026-03-31"}