{"value_line": 12.51725409448819, "quality_score": 55.621062992125985, "total_share": 686486486.4864866, "eps_excl": 0.32484251968503935, "yoy": 0.7754000000000001, "latest_report": "2026-03-31"}