{"value_line": 12.597432086340055, "quality_score": 51.88613359922508, "total_share": 75961481.48148148, "eps_excl": 0.19417867730233648, "yoy": 0.36340000000000006, "latest_report": "2026-03-31"}