{"value_line": 11.835068363636363, "quality_score": 33.601212121212114, "total_share": 224489795.9183674, "eps_excl": 0.4721818181818181, "yoy": -0.0692, "latest_report": "2026-03-31"}