{"value_line": 13.120553196551725, "quality_score": 36.23339798850575, "total_share": 188587221.58998534, "eps_excl": 0.6204025862068966, "yoy": -0.0876, "latest_report": "2026-03-31"}