{"value_line": 7.74089334927738, "quality_score": 19.4044667463869, "total_share": 160001494.7683109, "eps_excl": 0.27617866985547596, "yoy": -0.718, "latest_report": "2026-03-31"}