{"value_line": 11.819659801859714, "quality_score": 31.948299009298573, "total_share": 108004285.71428572, "eps_excl": 0.4779319603719429, "yoy": -1.0956000000000001, "latest_report": "2026-03-31"}