{"value_line": 5.877781176727273, "quality_score": 31.530331818181818, "total_share": 550000000.0, "eps_excl": 0.16121327272727273, "yoy": -0.21359999999999998, "latest_report": "2026-03-31"}