{"value_line": 24.949330841121494, "quality_score": 45.02803738317757, "total_share": 103883495.14563106, "eps_excl": 1.0011214953271028, "yoy": -0.168, "latest_report": "2026-03-31"}