{"value_line": 8.902067170722347, "quality_score": 28.360335853611737, "total_share": 114368611.11111113, "eps_excl": 0.33441343414446945, "yoy": -0.609, "latest_report": "2026-03-31"}