{"value_line": 13.244814630902622, "quality_score": 29.32407315451311, "total_share": 100692173.91304348, "eps_excl": 0.6729629261805243, "yoy": -2.0297, "latest_report": "2026-03-31"}