{"value_line": 12.394153647958088, "quality_score": 50.65519205994761, "total_share": 72715066.35441062, "eps_excl": 0.12620768239790442, "yoy": 1.4909999999999999, "latest_report": "2026-03-31"}