{"value_line": 38.66545929607237, "quality_score": 71.75354562823287, "total_share": 75939824.56140351, "eps_excl": 0.9701418251293151, "yoy": 0.8539, "latest_report": "2026-03-31"}