{"value_line": 14.451584699453552, "quality_score": 41.85792349726776, "total_share": 183000000.0, "eps_excl": 0.8743169398907104, "yoy": -0.5534, "latest_report": "2026-03-31"}