{"value_line": 18.646499370842104, "quality_score": 75.26410062656642, "total_share": 141489361.70212767, "eps_excl": 0.6573306917293232, "yoy": 0.4371, "latest_report": "2026-03-31"}