{"value_line": 10.272039192598172, "quality_score": 50.040051159363905, "total_share": 164725909.0909091, "eps_excl": 0.41386871304122275, "yoy": 0.2376, "latest_report": "2026-03-31"}