{"value_line": 12.171362965142857, "quality_score": 29.099471428571427, "total_share": 233333333.33333334, "eps_excl": 0.3639788571428571, "yoy": -0.3897, "latest_report": "2026-03-31"}