{"value_line": 2.6771274130502656, "quality_score": 22.5, "total_share": 800750000.0, "eps_excl": 0.07778582578832345, "yoy": -0.2452, "latest_report": "2026-03-31"}