{"value_line": 28.302901656804732, "quality_score": 67.55694773175543, "total_share": 134126984.12698412, "eps_excl": 1.2749112426035503, "yoy": 0.0403, "latest_report": "2026-03-31"}