{"value_line": 10.622096877575313, "quality_score": 50.0, "total_share": 101929333.33333334, "eps_excl": 0.055104843878765665, "yoy": 18.9713, "latest_report": "2026-03-31"}