{"value_line": 71.4983179310345, "quality_score": 92.5, "total_share": 82186234.81781374, "eps_excl": 2.3483251231527102, "yoy": 0.5274, "latest_report": "2026-03-31"}