{"value_line": 23.913598415930586, "quality_score": 29.623727341149404, "total_share": 93342472.01279415, "eps_excl": 0.3849490936459761, "yoy": -0.1522, "latest_report": "2026-03-31"}