{"value_line": 14.099121716917367, "quality_score": 31.708414424712302, "total_share": 109752727.27272727, "eps_excl": 0.3278032436551587, "yoy": 0.0888, "latest_report": "2026-03-31"}