{"value_line": 23.72969939686468, "quality_score": 22.616248995654185, "total_share": 64343018.86792453, "eps_excl": 0.4046499598261675, "yoy": -0.3699, "latest_report": "2026-03-31"}