{"value_line": 6.132123197857521, "quality_score": 15.0, "total_share": 239948006.0575467, "eps_excl": 0.096424639571504, "yoy": -0.9159, "latest_report": "2026-03-31"}