{"value_line": 20.168375, "quality_score": 30.208333333333336, "total_share": 312000000.0, "eps_excl": 0.7083333333333334, "yoy": -0.2887, "latest_report": "2026-03-31"}