{"value_line": 54.44081259842519, "quality_score": 100, "total_share": 423333333.3333334, "eps_excl": 2.3338582677165354, "yoy": 0.6788, "latest_report": "2026-03-31"}