{"value_line": 6.2753138, "quality_score": 19.195, "total_share": 384615384.6153846, "eps_excl": 0.26780000000000004, "yoy": -0.1429, "latest_report": "2026-03-31"}