{"value_line": 19.460584795321637, "quality_score": 75.12573099415205, "total_share": 251470588.2352941, "eps_excl": 0.5050292397660819, "yoy": 1.7769, "latest_report": "2026-03-31"}