{"value_line": 8.050904515573876, "quality_score": 17.704522577869383, "total_share": 208214583.33333334, "eps_excl": 0.2081809031147754, "yoy": -0.536, "latest_report": "2026-03-31"}