{"value_line": 13.395763636363636, "quality_score": 50.68181818181818, "total_share": 269607843.1372549, "eps_excl": 0.9272727272727272, "yoy": -0.3383, "latest_report": "2026-03-31"}