{"value_line": 11.10590937375278, "quality_score": 36.17921760845424, "total_share": 199610555.55555555, "eps_excl": 0.3454687043381696, "yoy": 0.029300000000000003, "latest_report": "2026-03-31"}