{"value_line": 10.954230868033044, "quality_score": 23.547366656493942, "total_share": 138001632.38654912, "eps_excl": 0.2671279995930911, "yoy": -0.025099999999999997, "latest_report": "2026-03-31"}