{"value_line": 23.282359151212304, "quality_score": 65.60294893901538, "total_share": 142085000.0, "eps_excl": 0.4241179575606151, "yoy": 13.9549, "latest_report": "2026-03-31"}