{"value_line": 19.320363234042553, "quality_score": 55.32354609929078, "total_share": 141566265.06024095, "eps_excl": 0.974808510638298, "yoy": -0.0408, "latest_report": "2026-03-31"}