{"value_line": 4.078050115482526, "quality_score": 50.0, "total_share": 593163333.3333334, "eps_excl": 0.02090250577412629, "yoy": 1.3633000000000002, "latest_report": "2026-03-31"}