{"value_line": 10.885100572625813, "quality_score": 25.472888902116004, "total_share": 177783068.7830688, "eps_excl": 0.5189155560846402, "yoy": -0.2937, "latest_report": "2026-03-31"}