{"value_line": 17.93856715829242, "quality_score": 64.68570894786552, "total_share": 80289166.66666667, "eps_excl": 0.3874283579146211, "yoy": 8.5967, "latest_report": "2026-03-31"}