{"value_line": 89.0093023255814, "quality_score": 100, "total_share": 223376623.37662336, "eps_excl": 2.99046511627907, "yoy": 45.474799999999995, "latest_report": "2026-03-31"}