{"value_line": 62.7190308370044, "quality_score": 92.5, "total_share": 110194174.75728156, "eps_excl": 1.9329515418502201, "yoy": 1.0459, "latest_report": "2026-03-31"}