{"value_line": 16.93509100990099, "quality_score": 27.945371287128715, "total_share": 701388888.888889, "eps_excl": 0.6045148514851485, "yoy": -0.0943, "latest_report": "2026-03-31"}