{"value_line": 32.792643850267375, "quality_score": 65.0, "total_share": 85388127.85388128, "eps_excl": 2.1080213903743314, "yoy": -0.12179999999999999, "latest_report": "2026-03-31"}