{"value_line": 21.75101630680159, "quality_score": 53.40086128848932, "total_share": 72394857.14285715, "eps_excl": 0.33333445153957264, "yoy": 0.4583, "latest_report": "2026-03-31"}