{"value_line": 16.350513507462686, "quality_score": 35.46082089552239, "total_share": 432258064.5161291, "eps_excl": 0.9184328358208954, "yoy": -0.37170000000000003, "latest_report": "2026-03-31"}