{"value_line": 4.19233321605811, "quality_score": 16.16166608029055, "total_share": 572016250.0, "eps_excl": 0.14646664321162203, "yoy": -0.6238, "latest_report": "2026-03-31"}