{"value_line": 21.06119594480537, "quality_score": 48.94152252448621, "total_share": 133194354.83870968, "eps_excl": 0.522927567646115, "yoy": 0.3006, "latest_report": "2026-03-31"}