{"value_line": 21.85258060544927, "quality_score": 57.08435260432147, "total_share": 112924597.70114942, "eps_excl": 0.7847741041728588, "yoy": 0.19940000000000002, "latest_report": "2026-03-31"}