{"value_line": 37.42154601233186, "quality_score": 68.16521204610397, "total_share": 54998441.31200867, "eps_excl": 1.454108481844159, "yoy": 0.1025, "latest_report": "2026-03-31"}