{"value_line": 8.4415254, "quality_score": 41.22277777777778, "total_share": 1145905024.0880935, "eps_excl": 0.5489111111111111, "yoy": -0.3457, "latest_report": "2026-03-31"}