{"value_line": 8.705244349830508, "quality_score": 55.63089265536723, "total_share": 2766057196.4369435, "eps_excl": 0.14750237288135593, "yoy": 0.4476, "latest_report": "2026-03-31"}