{"value_line": 6.39183547839178, "quality_score": 50.97666666666667, "total_share": 590438888.888889, "eps_excl": 0.044604277420751036, "yoy": 0.2596, "latest_report": "2026-03-31"}