{"value_line": 7.7177524271844655, "quality_score": 34.165655339805824, "total_share": 358260869.56521744, "eps_excl": 0.5666262135922329, "yoy": -0.38799999999999996, "latest_report": "2026-03-31"}