{"value_line": 7.941032258064516, "quality_score": 28.60516129032258, "total_share": 1019736842.1052631, "eps_excl": 0.34420645161290325, "yoy": -0.6172, "latest_report": "2026-03-31"}