{"value_line": 9.859246153846154, "quality_score": 28.64623076923077, "total_share": 532023736.4436259, "eps_excl": 0.3458492307692308, "yoy": -1.6074000000000002, "latest_report": "2026-03-31"}