{"value_line": 15.143058552875695, "quality_score": 53.112343846629564, "total_share": 1056862745.0980392, "eps_excl": 0.9386270871985158, "yoy": -0.0632, "latest_report": "2026-03-31"}