{"value_line": 4.643471936665743, "quality_score": 50.0, "total_share": 879591170.8253359, "eps_excl": 0.022173596833287144, "yoy": 4.7343, "latest_report": "2026-03-31"}