{"value_line": 7.599057729032258, "quality_score": 32.54422043010753, "total_share": 513670256.8351284, "eps_excl": 0.28033548387096774, "yoy": -0.0051, "latest_report": "2026-03-31"}