{"value_line": 32.754191261802575, "quality_score": 63.9225, "total_share": 796127562.642369, "eps_excl": 2.404137339055794, "yoy": 0.0101, "latest_report": "2026-03-31"}