{"value_line": 5.234851976637878, "quality_score": 39.336088881786814, "total_share": 400615291.2621359, "eps_excl": 0.11194355527147258, "yoy": 0.18350000000000002, "latest_report": "2026-03-31"}