{"value_line": 7.180248095238095, "quality_score": 30.440476190476193, "total_share": 2099999999.9999998, "eps_excl": 0.41761904761904767, "yoy": -0.1427, "latest_report": "2026-03-31"}