{"value_line": 4.441588752493583, "quality_score": 50.0, "total_share": 808794052.8634361, "eps_excl": 0.025079437624679155, "yoy": 9.3501, "latest_report": "2026-03-31"}