{"value_line": 19.34106583312823, "quality_score": 67.47121010747395, "total_share": 3944660194.1747575, "eps_excl": 1.0033817376322913, "yoy": 0.1552, "latest_report": "2026-03-31"}