{"value_line": 13.341691785714286, "quality_score": 35.30904761904762, "total_share": 442105263.1578948, "eps_excl": 0.4772619047619047, "yoy": -0.0421, "latest_report": "2026-03-31"}