{"value_line": 27.9222640430622, "quality_score": 57.5, "total_share": 819607843.1372548, "eps_excl": 1.6434688995215312, "yoy": -0.1979, "latest_report": "2026-03-31"}