{"value_line": 18.46320655737705, "quality_score": 37.805286885245906, "total_share": 457500000.0, "eps_excl": 0.32131147540983607, "yoy": 0.1961, "latest_report": "2026-03-31"}