{"value_line": 20.73590012589173, "quality_score": 68.48237515736466, "total_share": 1805303030.3030303, "eps_excl": 0.23929500629458667, "yoy": 1.7951, "latest_report": "2026-03-31"}