{"value_line": 9.2778796011396, "quality_score": 33.0530056980057, "total_share": 816279069.7674419, "eps_excl": 0.49125356125356123, "yoy": 0.0418, "latest_report": "2026-03-31"}