{"value_line": 22.609343340510613, "quality_score": 54.511200399876955, "total_share": 2802586206.896552, "eps_excl": 1.1389480159950782, "yoy": 0.0034999999999999996, "latest_report": "2026-03-31"}