{"value_line": 63.30293851428571, "quality_score": 78.29416666666667, "total_share": 779702970.2970297, "eps_excl": 3.7860571428571426, "yoy": 0.12789999999999999, "latest_report": "2026-03-31"}