{"value_line": 7.588506237873754, "quality_score": 30.014258028792913, "total_share": 831032578.6858089, "eps_excl": 0.32730365448504983, "yoy": -0.06860000000000001, "latest_report": "2026-03-31"}