{"value_line": 35.72546218487395, "quality_score": 74.56932773109244, "total_share": 1034782608.6956522, "eps_excl": 0.7827731092436975, "yoy": 4.6781, "latest_report": "2026-03-31"}