{"value_line": 1.7566666666666668, "quality_score": 26.93333333333333, "total_share": 750000000.0, "eps_excl": 0.2773333333333333, "yoy": -0.9436, "latest_report": "2026-03-31"}