{"value_line": 3.1011760651731164, "quality_score": 35.13702647657841, "total_share": 14441176470.588236, "eps_excl": 0.18828105906313644, "yoy": 0.0788, "latest_report": "2026-03-31"}