{"value_line": 6.024550220858895, "quality_score": 35.385925357873205, "total_share": 579864816.7911775, "eps_excl": 0.26730368098159507, "yoy": 0.0492, "latest_report": "2026-03-31"}