{"value_line": 10.965729315068494, "quality_score": 43.096552511415524, "total_share": 608333333.3333334, "eps_excl": 0.6723287671232876, "yoy": 0.0078000000000000005, "latest_report": "2026-03-31"}