{"value_line": 2.7040621052631577, "quality_score": 32.97083333333333, "total_share": 4071428571.428571, "eps_excl": 0.06336842105263159, "yoy": 0.0795, "latest_report": "2026-03-31"}