{"value_line": 14.431177698541328, "quality_score": 47.58995137763371, "total_share": 1595689655.172414, "eps_excl": 1.1035980551053484, "yoy": -0.30579999999999996, "latest_report": "2026-03-31"}