{"value_line": 3.450336516469337, "quality_score": 15.0, "total_share": 452832857.1428571, "eps_excl": 0.022067303293867496, "yoy": -0.7191, "latest_report": "2026-03-31"}