{"value_line": 11.709604836448598, "quality_score": 65.10577881619938, "total_share": 910638297.8723404, "eps_excl": 0.4908644859813084, "yoy": 0.3343, "latest_report": "2026-03-31"}