{"value_line": 45.32873068893528, "quality_score": 91.17341336116911, "total_share": 841778454.689239, "eps_excl": 1.4469365344467642, "yoy": 1.7081, "latest_report": "2026-03-31"}