{"value_line": 12.569406760563382, "quality_score": 65.03169014084507, "total_share": 548262548.2625482, "eps_excl": 0.4012676056338029, "yoy": 0.9412, "latest_report": "2026-03-31"}