{"value_line": 9.945186046511626, "quality_score": 60.23255813953489, "total_share": 516000000.0, "eps_excl": 0.20930232558139536, "yoy": 0.9756999999999999, "latest_report": "2026-03-31"}