{"value_line": 5.660336402049439, "quality_score": 15.0, "total_share": 1224725000.0, "eps_excl": 0.020067280409887932, "yoy": -0.5695, "latest_report": "2026-03-31"}