{"value_line": 2.8871114657463703, "quality_score": 22.5, "total_share": 577872654.155496, "eps_excl": 0.04450548025600044, "yoy": -0.48969999999999997, "latest_report": "2026-03-31"}