{"value_line": 9.6965, "quality_score": 21.1825, "total_share": 705441980.996257, "eps_excl": 0.3473, "yoy": -0.5440999999999999, "latest_report": "2026-03-31"}