{"value_line": 2.6833077278260506, "quality_score": 57.5, "total_share": 238230000.0, "eps_excl": 0.030165386391302524, "yoy": 85.01719999999999, "latest_report": "2026-03-31"}