{"value_line": 4.457515596484694, "quality_score": 52.43755318877551, "total_share": 529729729.7297297, "eps_excl": 0.11480212755102041, "yoy": 0.2783, "latest_report": "2026-03-31"}