{"value_line": 13.0183956134331, "quality_score": 24.015528898178893, "total_share": 180201666.6666667, "eps_excl": 0.16062115592715567, "yoy": -0.44689999999999996, "latest_report": "2026-03-31"}