{"value_line": 9.57586206896552, "quality_score": 62.2823275862069, "total_share": 374193548.3870967, "eps_excl": 0.29129310344827597, "yoy": 1.8505, "latest_report": "2026-03-31"}