{"value_line": 7.147087912087912, "quality_score": 27.68543956043956, "total_share": 1213333333.3333335, "eps_excl": 0.3074175824175824, "yoy": -0.7576, "latest_report": "2026-03-31"}