{"value_line": 17.320238393731632, "quality_score": 58.631243878550436, "total_share": 785384615.3846154, "eps_excl": 1.2452497551420174, "yoy": -0.2419, "latest_report": "2026-03-31"}