{"value_line": 16.24752263027718, "quality_score": 37.39937100213219, "total_share": 535021674.65206486, "eps_excl": 0.8055748400852877, "yoy": -0.0184, "latest_report": "2026-03-31"}