{"value_line": 11.167162562277582, "quality_score": 45.612099644128115, "total_share": 360256410.25641024, "eps_excl": 0.7244839857651246, "yoy": -0.2854, "latest_report": "2026-03-31"}