{"value_line": 17.72973117345051, "quality_score": 44.89652405180389, "total_share": 2111740574.330924, "eps_excl": 0.9958609620721554, "yoy": -0.3895, "latest_report": "2026-03-31"}