{"value_line": 3.2754098820284967, "quality_score": 15.0, "total_share": 706895306.8592058, "eps_excl": 0.0530819764056994, "yoy": -2.4031000000000002, "latest_report": "2026-03-31"}