{"value_line": 2.3936200597485247, "quality_score": 47.51916666666667, "total_share": 761623529.4117646, "eps_excl": 0.01080743921653434, "yoy": 0.3289, "latest_report": "2026-03-31"}