{"value_line": 8.269431707317073, "quality_score": 32.986971544715445, "total_share": 2460000000.0, "eps_excl": 0.3195121951219512, "yoy": -0.0143, "latest_report": "2026-03-31"}