{"value_line": 6.7176933895921245, "quality_score": 57.5, "total_share": 3231818181.818182, "eps_excl": 0.061884669479606184, "yoy": 1.1377, "latest_report": "2026-03-31"}