{"value_line": 17.10534097902098, "quality_score": 50.506608391608395, "total_share": 176543209.8765432, "eps_excl": 0.8156643356643357, "yoy": 0.07339999999999999, "latest_report": "2026-03-31"}