{"value_line": 1.9404674257061911, "quality_score": 22.5, "total_share": 6489307692.307693, "eps_excl": 0.0060934851412382494, "yoy": -1.8906999999999998, "latest_report": "2026-03-31"}