{"value_line": 3.876606818181818, "quality_score": 31.005, "total_share": 1664864864.8648648, "eps_excl": 0.07808441558441559, "yoy": 0.0458, "latest_report": "2026-03-31"}