{"value_line": 19.41466644790812, "quality_score": 76.29819524200164, "total_share": 1523750000.0, "eps_excl": 0.5519278096800656, "yoy": 0.6478, "latest_report": "2026-03-31"}