{"value_line": 3.7914622483900295, "quality_score": 42.5, "total_share": 496683215.1300236, "eps_excl": 0.045573112419501474, "yoy": 1.5512000000000001, "latest_report": "2026-03-31"}