{"value_line": 3.7872522220291494, "quality_score": 22.5, "total_share": 1161134930.6431274, "eps_excl": 0.025450444405829838, "yoy": -0.7358, "latest_report": "2026-03-31"}