{"value_line": 14.609091608391608, "quality_score": 50.52465034965035, "total_share": 1243478260.8695652, "eps_excl": 0.878986013986014, "yoy": -0.08199999999999999, "latest_report": "2026-03-31"}