{"value_line": 3.1251059289558665, "quality_score": 32.86, "total_share": 278700000.0, "eps_excl": 0.017177610333692143, "yoy": 0.0776, "latest_report": "2026-03-31"}