{"value_line": 19.4429618599791, "quality_score": 59.34836729362591, "total_share": 832173913.0434784, "eps_excl": 1.079101358411703, "yoy": -0.0165, "latest_report": "2026-03-31"}