{"value_line": 5.556729857819905, "quality_score": 15.183649289099526, "total_share": 1406666666.6666667, "eps_excl": 0.10734597156398104, "yoy": -2.2616, "latest_report": "2026-03-31"}