{"value_line": 14.565276243093923, "quality_score": 25.376381215469614, "total_share": 658181818.1818181, "eps_excl": 0.5150552486187846, "yoy": -1.3359, "latest_report": "2026-03-31"}