{"value_line": 3.9655283636363636, "quality_score": 26.48181818181818, "total_share": 532258064.516129, "eps_excl": 0.25927272727272727, "yoy": -0.37689999999999996, "latest_report": "2026-03-31"}