{"value_line": 0.3885591395766178, "quality_score": 22.5, "total_share": 825826000.0, "eps_excl": 0.029711827915323567, "yoy": -0.6873999999999999, "latest_report": "2026-03-31"}