{"value_line": 5.444558333333333, "quality_score": 32.94027777777778, "total_share": 514285714.2857142, "eps_excl": 0.2586111111111111, "yoy": 0.011000000000000001, "latest_report": "2026-03-31"}