{"value_line": 10.897204461648746, "quality_score": 62.38426523297491, "total_share": 470965563.8082377, "eps_excl": 0.5563039426523297, "yoy": 0.2596, "latest_report": "2026-03-31"}