{"value_line": 6.547909857975986, "quality_score": 45.61527587192682, "total_share": 1912102328.6323385, "eps_excl": 0.21337770154373928, "yoy": 0.1191, "latest_report": "2026-03-31"}