{"value_line": 10.756077860962566, "quality_score": 32.06417112299465, "total_share": 389583333.3333334, "eps_excl": 0.482566844919786, "yoy": -0.1056, "latest_report": "2026-03-31"}