{"value_line": 5.2924935719182065, "quality_score": 50.0, "total_share": 573249304.9119556, "eps_excl": 0.06762467859591033, "yoy": 44.1166, "latest_report": "2026-03-31"}