{"value_line": 22.959379217273955, "quality_score": 41.685560053981106, "total_share": 1001351351.3513514, "eps_excl": 1.1674224021592443, "yoy": -0.2, "latest_report": "2026-03-31"}