{"value_line": 6.758414915254237, "quality_score": 27.186440677966104, "total_share": 737500000.0, "eps_excl": 0.2874576271186441, "yoy": -0.23870000000000002, "latest_report": "2026-03-31"}