{"value_line": 5.599358798283262, "quality_score": 33.74363376251789, "total_share": 1013043478.2608695, "eps_excl": 0.19841201716738197, "yoy": -0.078, "latest_report": "2026-03-31"}