{"value_line": 5.910876565295169, "quality_score": 59.36359570661896, "total_share": 5081818181.818182, "eps_excl": 0.17454382826475848, "yoy": 4.3863, "latest_report": "2026-03-31"}