{"value_line": 1.5137744954665107, "quality_score": 22.5, "total_share": 1846260000.0, "eps_excl": 0.006754899093302136, "yoy": -0.9547, "latest_report": "2026-03-31"}