{"value_line": 12.381771326153846, "quality_score": 56.79629487179487, "total_share": 831202046.0358056, "eps_excl": 0.5546184615384616, "yoy": 0.29309999999999997, "latest_report": "2026-03-31"}