{"value_line": 1.3093396083671593, "quality_score": 27.201666666666668, "total_share": 306827272.72727275, "eps_excl": 0.0957923320790495, "yoy": -0.0194, "latest_report": "2026-03-31"}