{"value_line": 4.257158401533795, "quality_score": 30.685792007668972, "total_share": 360732903.2258065, "eps_excl": 0.127431680306759, "yoy": -1.2604, "latest_report": "2026-03-31"}