{"value_line": 2.188998153846154, "quality_score": 30.0, "total_share": 3250000000.0, "eps_excl": 0.05476923076923077, "yoy": -0.1802, "latest_report": "2026-03-31"}