{"value_line": 7.172323770491803, "quality_score": 41.761618852459016, "total_share": 198084104.56242895, "eps_excl": 0.5704647540983606, "yoy": -0.8501000000000001, "latest_report": "2026-03-31"}