{"value_line": 21.453564074650075, "quality_score": 56.583972265422496, "total_share": 3269491525.423729, "eps_excl": 0.8349922239502332, "yoy": 0.1693, "latest_report": "2026-03-31"}