{"value_line": 9.625031655629138, "quality_score": 39.0428587196468, "total_share": 368292682.9268293, "eps_excl": 0.3828476821192053, "yoy": -0.0662, "latest_report": "2026-03-31"}