{"value_line": 3.6283784784419626, "quality_score": 15.0, "total_share": 918335000.0, "eps_excl": 0.01167569568839258, "yoy": -0.9045000000000001, "latest_report": "2026-03-31"}