{"value_line": 15.085742675105486, "quality_score": 67.87425105485232, "total_share": 1153471771.576898, "eps_excl": 0.6268033755274262, "yoy": 0.3235, "latest_report": "2026-03-31"}