{"value_line": 15.65026659898477, "quality_score": 47.954750423011845, "total_share": 3456140350.8771935, "eps_excl": 0.42822335025380703, "yoy": 0.1957, "latest_report": "2026-03-31"}