{"value_line": 2.3093982758908544, "quality_score": 15.0, "total_share": 1437496000.0, "eps_excl": 0.03813019305792851, "yoy": -0.2148, "latest_report": "2026-03-31"}