{"value_line": 8.171376177285318, "quality_score": 46.043651892890125, "total_share": 2461363636.3636365, "eps_excl": 0.3847460757156048, "yoy": 0.053, "latest_report": "2026-03-31"}