{"value_line": 0.664045419928384, "quality_score": 22.5, "total_share": 3291787234.0425534, "eps_excl": 0.01013327947050687, "yoy": -0.17059999999999997, "latest_report": "2026-03-31"}