{"value_line": 10.23603438028169, "quality_score": 46.450974178403754, "total_share": 898734177.2151898, "eps_excl": 0.746605633802817, "yoy": -0.0951, "latest_report": "2026-03-31"}