{"value_line": 0.2817834821526803, "quality_score": 15.0, "total_share": 7101031250.0, "eps_excl": 0.0063566964305360575, "yoy": -1.5799, "latest_report": "2026-03-31"}