{"value_line": 1.0348491124873138, "quality_score": 22.5, "total_share": 804683333.3333334, "eps_excl": 0.04896982249746277, "yoy": -1.2677, "latest_report": "2026-03-31"}