{"value_line": 19.883967759782607, "quality_score": 79.64951992753623, "total_share": 1231812907.2569847, "eps_excl": 0.6859807971014492, "yoy": 0.5531, "latest_report": "2026-03-31"}