{"value_line": 12.688559142857143, "quality_score": 67.62318027210884, "total_share": 742424242.4242425, "eps_excl": 0.5966938775510203, "yoy": 0.3321, "latest_report": "2026-03-31"}