{"value_line": 19.34132404967556, "quality_score": 77.49837509012258, "total_share": 4355471816.611712, "eps_excl": 0.5999350036049027, "yoy": 0.6554000000000001, "latest_report": "2026-03-31"}