{"value_line": 9.636708695652175, "quality_score": 53.00163043478261, "total_share": 1115151515.151515, "eps_excl": 0.3120652173913044, "yoy": 0.332, "latest_report": "2026-03-31"}