{"value_line": 15.736907986348122, "quality_score": 58.1668771331058, "total_share": 1362790697.6744187, "eps_excl": 0.7660750853242321, "yoy": 0.0974, "latest_report": "2026-03-31"}