{"value_line": 3.2849018453203884, "quality_score": 31.505, "total_share": 1144444444.4444444, "eps_excl": 0.08694122330097087, "yoy": -0.0742, "latest_report": "2026-03-31"}