{"value_line": 0.47908536585365846, "quality_score": 57.5, "total_share": 2657931034.482759, "eps_excl": 0.006454268292682926, "yoy": 14.7146, "latest_report": "2026-03-31"}