{"value_line": 9.647760000000002, "quality_score": 44.0, "total_share": 246969696.96969697, "eps_excl": 0.66, "yoy": -0.1564, "latest_report": "2026-03-31"}