{"value_line": 31.689534302325576, "quality_score": 91.75872093023256, "total_share": 781818181.818182, "eps_excl": 1.170348837209302, "yoy": 0.6123, "latest_report": "2026-03-31"}