{"value_line": 7.826661009510087, "quality_score": 19.47843659942363, "total_share": 1006672468.813461, "eps_excl": 0.2791374639769453, "yoy": -0.3671, "latest_report": "2026-03-31"}