{"value_line": 12.482744925659473, "quality_score": 73.90635491606714, "total_share": 830677290.8366534, "eps_excl": 0.45625419664268585, "yoy": 0.5173, "latest_report": "2026-03-31"}