{"value_line": 5.022398340637974, "quality_score": 65.0, "total_share": 971477777.7777778, "eps_excl": 0.08991013690482998, "yoy": 0.5709000000000001, "latest_report": "2026-03-31"}