{"value_line": 11.059362447058824, "quality_score": 61.654117647058825, "total_share": 420792079.2079208, "eps_excl": 0.26616470588235297, "yoy": 0.6942, "latest_report": "2026-03-31"}