{"value_line": 2.6562043978367025, "quality_score": 22.5, "total_share": 614108750.0, "eps_excl": 0.07724087956734048, "yoy": -0.607, "latest_report": "2026-03-31"}