{"value_line": 7.139963075949367, "quality_score": 36.4478164556962, "total_share": 5096774193.548388, "eps_excl": 0.2680126582278481, "yoy": 0.06709999999999999, "latest_report": "2026-03-31"}