{"value_line": 14.82776283618582, "quality_score": 34.2388141809291, "total_share": 579402181.6121264, "eps_excl": 0.5695525672371639, "yoy": -0.6936, "latest_report": "2026-03-31"}