{"value_line": 5.711993188010899, "quality_score": 27.459965940054495, "total_share": 1095849507.3156166, "eps_excl": 0.29839863760217983, "yoy": -0.622, "latest_report": "2026-03-31"}