{"value_line": 3.6215822025155737, "quality_score": 15.0, "total_share": 504060000.0, "eps_excl": 0.021688886243701147, "yoy": -0.255, "latest_report": "2026-03-31"}