{"value_line": 56.130231701492534, "quality_score": 85.755, "total_share": 1015151515.1515151, "eps_excl": 2.642955223880597, "yoy": 0.25579999999999997, "latest_report": "2026-03-31"}