{"value_line": 28.18698598130841, "quality_score": 57.5, "total_share": 1658914728.6821704, "eps_excl": 2.5793971962616826, "yoy": -0.5550999999999999, "latest_report": "2026-03-31"}