{"value_line": 7.86718849187935, "quality_score": 36.11590873936582, "total_share": 897916666.6666666, "eps_excl": 0.44770301624129927, "yoy": -0.015600000000000001, "latest_report": "2026-03-31"}