{"value_line": 130.74039239695762, "quality_score": 65.43333333333334, "total_share": 722339952.3846899, "eps_excl": 7.387103513219847, "yoy": 0.036000000000000004, "latest_report": "2026-03-31"}