{"value_line": 5.261818079851916, "quality_score": 22.693764034774503, "total_share": 733243636.3636364, "eps_excl": 0.10331722805764672, "yoy": -0.0981, "latest_report": "2026-03-31"}