{"value_line": 6.832583931725127, "quality_score": 15.0, "total_share": 1176811666.6666667, "eps_excl": 0.04036338298255031, "yoy": -0.39899999999999997, "latest_report": "2026-03-31"}