{"value_line": 2.317171219540847, "quality_score": 65.0, "total_share": 794506666.6666667, "eps_excl": 0.04396073873934349, "yoy": 0.5404, "latest_report": "2026-03-31"}