{"value_line": 10.633731088241833, "quality_score": 60.76716386030229, "total_share": 236839117.6470588, "eps_excl": 0.23068655441209165, "yoy": 1.6358000000000001, "latest_report": "2026-03-31"}