{"value_line": 9.146732673267326, "quality_score": 44.28366336633663, "total_share": 268117865.67560396, "eps_excl": 0.6713465346534653, "yoy": -0.6533, "latest_report": "2026-03-31"}