{"value_line": 23.37212121212121, "quality_score": 68.76515151515152, "total_share": 1754430379.7468355, "eps_excl": 0.5506060606060605, "yoy": 1.6699000000000002, "latest_report": "2026-03-31"}