{"value_line": 4.297400588505747, "quality_score": 24.390574712643676, "total_share": 1531690140.8450704, "eps_excl": 0.17562298850574715, "yoy": -0.2214, "latest_report": "2026-03-31"}