{"value_line": 8.905433333333335, "quality_score": 41.30738095238095, "total_share": 840000000.0, "eps_excl": 0.3547619047619048, "yoy": 0.2418, "latest_report": "2026-03-31"}