{"value_line": 6.499166836363637, "quality_score": 20.648636363636363, "total_share": 797679477.8825235, "eps_excl": 0.32594545454545454, "yoy": -0.41119999999999995, "latest_report": "2026-03-31"}