{"value_line": 6.4619599999999995, "quality_score": 23.346153846153847, "total_share": 1576595744.6808512, "eps_excl": 0.4338461538461538, "yoy": -0.2343, "latest_report": "2026-03-31"}