{"value_line": 3.728681066358534, "quality_score": 22.5, "total_share": 513389830.5084746, "eps_excl": 0.08573621327170683, "yoy": -3.4109, "latest_report": "2026-03-31"}