{"value_line": 6.158667520745824, "quality_score": 16.002418750947516, "total_share": 408139374.99999994, "eps_excl": 0.14009675003790067, "yoy": -0.3514, "latest_report": "2026-03-31"}