{"value_line": 20.68195394736842, "quality_score": 48.35767543859649, "total_share": 503614457.83132535, "eps_excl": 0.7644736842105262, "yoy": 0.058499999999999996, "latest_report": "2026-03-31"}