{"value_line": 3.6011796869028077, "quality_score": 31.38, "total_share": 722374456.9939184, "eps_excl": 0.08140071874176892, "yoy": 0.1808, "latest_report": "2026-03-31"}