{"value_line": 4.846463942307692, "quality_score": 18.13231971153846, "total_share": 803398995.7512553, "eps_excl": 0.22529278846153847, "yoy": -2.2687, "latest_report": "2026-03-31"}