{"value_line": 12.697765633802817, "quality_score": 63.72321596244131, "total_share": 887499999.9999999, "eps_excl": 0.583661971830986, "yoy": 0.3994, "latest_report": "2026-03-31"}