{"value_line": 6.850728571428572, "quality_score": 50.05484126984127, "total_share": 572727272.7272727, "eps_excl": 0.20079365079365075, "yoy": 0.2006, "latest_report": "2026-03-31"}