{"value_line": 6.5741613493259194, "quality_score": 31.900941163339688, "total_share": 418579375.00000006, "eps_excl": 0.14733764653358755, "yoy": -0.0877, "latest_report": "2026-03-31"}