{"value_line": 4.897039361702127, "quality_score": 15.0, "total_share": 783333333.3333334, "eps_excl": 0.09340787234042552, "yoy": -0.609, "latest_report": "2026-03-31"}