{"value_line": 6.400999497715626, "quality_score": 65.0, "total_share": 793681770.28451, "eps_excl": 0.08586136478298044, "yoy": 0.9811, "latest_report": "2026-03-31"}