{"value_line": 16.21051689860835, "quality_score": 54.40258449304175, "total_share": 949056603.7735848, "eps_excl": 1.37610337972167, "yoy": -0.5484, "latest_report": "2026-03-31"}