{"value_line": 19.505995723684208, "quality_score": 45.66611842105263, "total_share": 323404255.31914896, "eps_excl": 0.7266447368421052, "yoy": -0.1597, "latest_report": "2026-03-31"}