{"value_line": 2.633987505262554, "quality_score": 15.0, "total_share": 958043956.043956, "eps_excl": 0.01511110206235232, "yoy": -0.44420000000000004, "latest_report": "2026-03-31"}