{"value_line": 10.34567634854772, "quality_score": 25.019709543568467, "total_share": 892592592.5925925, "eps_excl": 0.5007883817427387, "yoy": -0.28, "latest_report": "2026-03-31"}