{"value_line": 8.307102659279778, "quality_score": 29.568559556786703, "total_share": 880487804.8780488, "eps_excl": 0.3827423822714681, "yoy": -0.1882, "latest_report": "2026-03-31"}