{"value_line": 2.817044193548387, "quality_score": 30.0, "total_share": 2214285714.2857146, "eps_excl": 0.08354838709677419, "yoy": -0.16570000000000001, "latest_report": "2026-03-31"}