{"value_line": 37.29347834924303, "quality_score": 76.26416666666667, "total_share": 1194612345.9140449, "eps_excl": 1.9470751394422314, "yoy": 0.0931, "latest_report": "2026-03-31"}