{"value_line": 10.615219847826088, "quality_score": 51.760289855072465, "total_share": 488149982.3134064, "eps_excl": 0.26631159420289857, "yoy": 0.45890000000000003, "latest_report": "2026-03-31"}