{"value_line": 34.6413523626506, "quality_score": 79.71166666666667, "total_share": 7248908296.943232, "eps_excl": 1.954639156626506, "yoy": 0.1522, "latest_report": "2026-03-31"}