{"value_line": 25.86246909667195, "quality_score": 66.7532118330692, "total_share": 841333333.3333334, "eps_excl": 1.4310618066561014, "yoy": -0.0404, "latest_report": "2026-03-31"}