{"value_line": 4.226931303366624, "quality_score": 65.0, "total_share": 913492307.6923077, "eps_excl": 0.037346565168331174, "yoy": 2.887, "latest_report": "2026-03-31"}