{"value_line": 20.804268493150683, "quality_score": 56.693424657534244, "total_share": 978350515.4639175, "eps_excl": 0.9301369863013699, "yoy": 0.1304, "latest_report": "2026-03-31"}