{"value_line": 12.254193229473684, "quality_score": 33.41628070175439, "total_share": 506846878.8902721, "eps_excl": 0.5366512280701754, "yoy": -0.11410000000000001, "latest_report": "2026-03-31"}