{"value_line": 8.995063157894737, "quality_score": 36.578947368421055, "total_share": 633333333.3333334, "eps_excl": 0.363157894736842, "yoy": -0.3102, "latest_report": "2026-03-31"}