{"value_line": 1.3256620055590338, "quality_score": 15.0, "total_share": 1134674208.1447964, "eps_excl": 0.009132401111806765, "yoy": -0.7287, "latest_report": "2026-03-31"}