{"value_line": 5.243949347659248, "quality_score": 26.287413660782807, "total_share": 4493103448.275863, "eps_excl": 0.2514965464313123, "yoy": -0.402, "latest_report": "2026-03-31"}