{"value_line": 16.247655175703702, "quality_score": 52.481937037037035, "total_share": 843855481.9352418, "eps_excl": 0.7726441481481482, "yoy": 0.1257, "latest_report": "2026-03-31"}