{"value_line": 14.589183374083131, "quality_score": 52.431265281173594, "total_share": 584285714.2857143, "eps_excl": 0.6777506112469438, "yoy": 0.1655, "latest_report": "2026-03-31"}