{"value_line": 39.23406461930926, "quality_score": 100, "total_share": 1923018867.9245284, "eps_excl": 1.9557790423861852, "yoy": 0.5602, "latest_report": "2026-03-31"}