{"value_line": 4.811111111111111, "quality_score": 50.0, "total_share": 1687500000.0, "eps_excl": 0.08355555555555555, "yoy": 3.0831999999999997, "latest_report": "2026-03-31"}