{"value_line": 4.625411078717201, "quality_score": 51.1192638483965, "total_share": 4268823895.4573736, "eps_excl": 0.14477055393586008, "yoy": 4.3069, "latest_report": "2026-03-31"}