{"value_line": 125.70369479664754, "quality_score": 99.9125, "total_share": 433527116.95861703, "eps_excl": 5.2868665196294655, "yoy": 0.4985, "latest_report": "2026-03-31"}