{"value_line": 29.90175861021487, "quality_score": 84.98372079370671, "total_share": 9181759379.04269, "eps_excl": 1.492415498414935, "yoy": 0.37439999999999996, "latest_report": "2026-03-31"}