{"value_line": 2.261508902617801, "quality_score": 22.5, "total_share": 397916666.6666667, "eps_excl": 0.04578219895287958, "yoy": -0.2759, "latest_report": "2026-03-31"}