{"value_line": 1.039564560562818, "quality_score": 15.0, "total_share": 2488903333.3333335, "eps_excl": 0.01591291211256363, "yoy": -0.7778, "latest_report": "2026-03-31"}