{"value_line": 4.259637670012559, "quality_score": 50.0, "total_share": 374182149.3624773, "eps_excl": 0.04598188350062796, "yoy": 9.4389, "latest_report": "2026-03-31"}