{"value_line": 8.663967692307692, "quality_score": 66.77403846153845, "total_share": 742857142.8571429, "eps_excl": 0.17096153846153844, "yoy": 0.7687999999999999, "latest_report": "2026-03-31"}