{"value_line": 4.240792425316456, "quality_score": 27.11098553345389, "total_share": 3323317307.692308, "eps_excl": 0.1462394213381555, "yoy": 0.08779999999999999, "latest_report": "2026-03-31"}