{"value_line": 3.245902135821937, "quality_score": 15.0, "total_share": 870367500.0, "eps_excl": 0.05207938026178597, "yoy": -0.1054, "latest_report": "2026-03-31"}