{"value_line": 1.9276520454356454, "quality_score": 57.5, "total_share": 439087136.9294606, "eps_excl": 0.010774626724626724, "yoy": 0.6487999999999999, "latest_report": "2026-03-31"}