{"value_line": 14.51416378280543, "quality_score": 51.66974736048266, "total_share": 917012448.1327801, "eps_excl": 0.6935565610859729, "yoy": 0.0171, "latest_report": "2026-03-31"}