{"value_line": 43.01878427923844, "quality_score": 100, "total_share": 637572254.3352602, "eps_excl": 1.6892203082502266, "yoy": 0.7386, "latest_report": "2026-03-31"}