{"value_line": 8.936577287066246, "quality_score": 34.13288643533123, "total_share": 574900253.8991657, "eps_excl": 0.5653154574132492, "yoy": -0.542, "latest_report": "2026-03-31"}