{"value_line": 8.791155399061033, "quality_score": 35.68075117370892, "total_share": 519512195.1219512, "eps_excl": 0.3272300469483568, "yoy": -0.12869999999999998, "latest_report": "2026-03-31"}