{"value_line": 21.977688114104595, "quality_score": 46.78183438985737, "total_share": 685869565.2173913, "eps_excl": 0.6327733755942948, "yoy": 0.2165, "latest_report": "2026-03-31"}