{"value_line": 22.662479585987263, "quality_score": 43.31449044585987, "total_share": 944360902.2556391, "eps_excl": 1.2325796178343948, "yoy": -0.1747, "latest_report": "2026-03-31"}