{"value_line": 5.829612000000001, "quality_score": 49.91166666666667, "total_share": 1071428571.4285713, "eps_excl": 0.1726666666666667, "yoy": 0.2102, "latest_report": "2026-03-31"}