{"value_line": 2.203987596487805, "quality_score": 37.959999999999994, "total_share": 1757142857.142857, "eps_excl": 0.029683642276422766, "yoy": 0.29359999999999997, "latest_report": "2026-03-31"}