{"value_line": 41.84439828566173, "quality_score": 57.5, "total_share": 9111452513.96648, "eps_excl": 3.2317569514700017, "yoy": -0.4924, "latest_report": "2026-03-31"}