{"value_line": 2.3350023529411765, "quality_score": 30.0, "total_share": 1416666666.6666665, "eps_excl": 0.07341176470588236, "yoy": -0.1895, "latest_report": "2026-03-31"}