{"value_line": 3.132687545840735, "quality_score": 25.744999999999997, "total_share": 971025000.0, "eps_excl": 0.051898869751036275, "yoy": 0.0842, "latest_report": "2026-03-31"}