{"value_line": 10.695920000000001, "quality_score": 62.316770186335404, "total_share": 519354838.7096774, "eps_excl": 0.29267080745341617, "yoy": 0.8676, "latest_report": "2026-03-31"}