{"value_line": 11.889032258064518, "quality_score": 60.961290322580645, "total_share": 553571428.5714285, "eps_excl": 0.23845161290322583, "yoy": 1.7844, "latest_report": "2026-03-31"}