{"value_line": 6.265092802768167, "quality_score": 30.030801614763554, "total_share": 837681159.4202899, "eps_excl": 0.15996539792387546, "yoy": 0.0034000000000000002, "latest_report": "2026-03-31"}