{"value_line": 13.367119487831259, "quality_score": 46.46309490210503, "total_share": 164758200.0, "eps_excl": 0.46702379608420097, "yoy": 0.1535, "latest_report": "2026-03-31"}