{"value_line": 9.369969892473119, "quality_score": 45.744758064516134, "total_share": 453658536.5853659, "eps_excl": 0.3879569892473118, "yoy": 0.04650000000000001, "latest_report": "2026-03-31"}