{"value_line": 2.325591040832593, "quality_score": 44.31833333333333, "total_share": 545765000.0, "eps_excl": 0.01893562247487472, "yoy": 0.40259999999999996, "latest_report": "2026-03-31"}