{"value_line": 8.051040752351097, "quality_score": 61.1128526645768, "total_share": 1276000000.0, "eps_excl": 0.2445141065830721, "yoy": 0.5259, "latest_report": "2026-03-31"}