{"value_line": 43.827933326786464, "quality_score": 70.285, "total_share": 797533744.3759373, "eps_excl": 2.8425129544504806, "yoy": -0.009399999999999999, "latest_report": "2026-03-31"}