{"value_line": 3.3660606149452197, "quality_score": 15.0, "total_share": 695291075.05071, "eps_excl": 0.07721212298904394, "yoy": -0.7208, "latest_report": "2026-03-31"}