{"value_line": 20.654213836477986, "quality_score": 67.34276729559748, "total_share": 506369426.75159234, "eps_excl": 0.4937106918238994, "yoy": 1.5647, "latest_report": "2026-03-31"}