{"value_line": 0.5360626091029079, "quality_score": 15.0, "total_share": 939480000.0, "eps_excl": 0.0632125218205816, "yoy": -1.3316999999999999, "latest_report": "2026-03-31"}