{"value_line": 2.3240429218320244, "quality_score": 18.8925, "total_share": 752610000.0, "eps_excl": 0.00036911547813608643, "yoy": 0.0953, "latest_report": "2026-03-31"}