{"value_line": 2.536675225215923, "quality_score": 31.261666666666667, "total_share": 1097613333.3333335, "eps_excl": 0.003492213408486291, "yoy": 0.050199999999999995, "latest_report": "2026-03-31"}