{"value_line": 6.841785895953757, "quality_score": 27.166184971098268, "total_share": 348860657.39060295, "eps_excl": 0.28664739884393065, "yoy": -0.1656, "latest_report": "2026-03-31"}