{"value_line": 4.232910815217391, "quality_score": 48.879547101449276, "total_share": 1415384615.3846154, "eps_excl": 0.12081521739130434, "yoy": 0.3433, "latest_report": "2026-03-31"}