{"value_line": 21.049746481178396, "quality_score": 65.8242798690671, "total_share": 581904761.9047619, "eps_excl": 0.9915711947626841, "yoy": 0.2606, "latest_report": "2026-03-31"}