{"value_line": 4.899455849056603, "quality_score": 25.185738993710693, "total_share": 545267489.7119342, "eps_excl": 0.18339622641509432, "yoy": -0.0897, "latest_report": "2026-03-31"}