{"value_line": 12.838065624999999, "quality_score": 47.011041666666664, "total_share": 727272727.2727274, "eps_excl": 0.7218749999999999, "yoy": -0.07490000000000001, "latest_report": "2026-03-31"}