{"value_line": 5.65090909090909, "quality_score": 58.21363636363636, "total_share": 785714285.7142857, "eps_excl": 0.12854545454545455, "yoy": 1.9908000000000001, "latest_report": "2026-03-31"}