{"value_line": 2.8273150295420066, "quality_score": 31.123333333333335, "total_share": 810710000.0, "eps_excl": 0.09327737415351975, "yoy": 0.1764, "latest_report": "2026-03-31"}