{"value_line": 1.762440640179709, "quality_score": 22.5, "total_share": 982328333.3333334, "eps_excl": 0.004218548787998581, "yoy": -0.231, "latest_report": "2026-03-31"}