{"value_line": 9.267652173913044, "quality_score": 28.347826086956523, "total_share": 766666666.6666667, "eps_excl": 0.33391304347826084, "yoy": -0.255, "latest_report": "2026-03-31"}