{"value_line": 2.2634115676402007, "quality_score": 15.0, "total_share": 1265150000.0, "eps_excl": 0.018117061218037387, "yoy": -0.4844, "latest_report": "2026-03-31"}