{"value_line": 12.574306326304107, "quality_score": 37.12153163152053, "total_share": 958510638.2978724, "eps_excl": 0.9848612652608212, "yoy": -0.9545, "latest_report": "2026-03-31"}