{"value_line": 4.52644015652803, "quality_score": 50.0, "total_share": 684222500.0, "eps_excl": 0.0303220078264015, "yoy": 2.0382, "latest_report": "2026-03-31"}