{"value_line": 8.339351851851852, "quality_score": 29.19675925925926, "total_share": 744827586.2068965, "eps_excl": 0.36787037037037035, "yoy": -0.6393, "latest_report": "2026-03-31"}