{"value_line": 12.53953488372093, "quality_score": 56.62441860465116, "total_share": 728813559.3220339, "eps_excl": 0.36497674418604653, "yoy": 6.999, "latest_report": "2026-03-31"}