{"value_line": 8.433437671033477, "quality_score": 52.719694323144104, "total_share": 2146875000.0, "eps_excl": 0.3265211062590975, "yoy": 0.1924, "latest_report": "2026-03-31"}