{"value_line": 9.145666572972972, "quality_score": 15.0, "total_share": 652941176.4705883, "eps_excl": 0.05062783783783783, "yoy": -0.41600000000000004, "latest_report": "2026-03-31"}