{"value_line": 3.3166933333333333, "quality_score": 50.0, "total_share": 150000000.0, "eps_excl": 0.022334666666666666, "yoy": 34.647800000000004, "latest_report": "2026-03-31"}