{"value_line": 3.4880730507616295, "quality_score": 22.5, "total_share": 772378435.5179703, "eps_excl": 0.033614610152325954, "yoy": -1.4901, "latest_report": "2026-03-31"}