{"value_line": 5.024427163461539, "quality_score": 26.299278846153847, "total_share": 6933333333.333333, "eps_excl": 0.2519711538461539, "yoy": -0.33149999999999996, "latest_report": "2026-03-31"}