{"value_line": 7.959841589403974, "quality_score": 53.14238410596026, "total_share": 629166666.6666667, "eps_excl": 0.22569536423841058, "yoy": 0.6526000000000001, "latest_report": "2026-03-31"}