{"value_line": 0.30718581427408503, "quality_score": 36.21, "total_share": 4889140000.0, "eps_excl": 0.014022302490826607, "yoy": 0.2636, "latest_report": "2026-03-31"}