{"value_line": 2.0036248848701113, "quality_score": 25.674999999999997, "total_share": 802897500.0, "eps_excl": 0.014185123256704624, "yoy": 0.083, "latest_report": "2026-03-31"}