{"value_line": 4.982006689453084, "quality_score": 22.548706648958635, "total_share": 724782312.9251701, "eps_excl": 0.10194826595834545, "yoy": -0.3016, "latest_report": "2026-03-31"}