{"value_line": 6.730916666666666, "quality_score": 40.50458333333333, "total_share": 1016949152.542373, "eps_excl": 0.5201833333333333, "yoy": -0.5095000000000001, "latest_report": "2026-03-31"}