{"value_line": 12.421948157700001, "quality_score": 43.75327816666666, "total_share": 294203320.7107486, "eps_excl": 0.31796446000000006, "yoy": 0.2995, "latest_report": "2026-03-31"}