{"value_line": 4.255580243951062, "quality_score": 15.0, "total_share": 346386189.258312, "eps_excl": 0.06511604879021245, "yoy": -8.1389, "latest_report": "2026-03-31"}