{"value_line": 3.358380093034287, "quality_score": 25.341900465171435, "total_share": 360238834.9514563, "eps_excl": 0.21367601860685737, "yoy": -0.7497, "latest_report": "2026-03-31"}