{"value_line": 13.981262974176314, "quality_score": 59.53768106262986, "total_share": 1079807692.3076923, "eps_excl": 1.039073909171861, "yoy": 0.0039000000000000003, "latest_report": "2026-03-31"}