{"value_line": 6.521036754873665, "quality_score": 33.98564545502453, "total_share": 558881506.849315, "eps_excl": 0.1389591515343145, "yoy": 0.0802, "latest_report": "2026-03-31"}