{"value_line": 5.860333319563722, "quality_score": 23.75166659781861, "total_share": 468019333.3333334, "eps_excl": 0.15006666391274434, "yoy": -0.9934999999999999, "latest_report": "2026-03-31"}