{"value_line": 2.3674019909376813, "quality_score": 15.0, "total_share": 577115000.0, "eps_excl": 0.01748039818753628, "yoy": -0.6373, "latest_report": "2026-03-31"}