{"value_line": 13.045098039215684, "quality_score": 47.806372549019606, "total_share": 582857142.8571429, "eps_excl": 0.31225490196078426, "yoy": 6.965, "latest_report": "2026-03-31"}