{"value_line": 2.2653994341645447, "quality_score": 29.004166666666666, "total_share": 720171635.0496838, "eps_excl": 0.03909040377306423, "yoy": 0.0115, "latest_report": "2026-03-31"}