{"value_line": 24.209768667293627, "quality_score": 76.2212617554859, "total_share": 753483977.6395559, "eps_excl": 1.2448838035527692, "yoy": 0.20170000000000002, "latest_report": "2026-03-31"}