{"value_line": 3.049394991720968, "quality_score": 22.5, "total_share": 1034044280.4428046, "eps_excl": 0.0478021115099955, "yoy": -0.29, "latest_report": "2026-03-31"}