{"value_line": 10.794146219193324, "quality_score": 41.13406930922578, "total_share": 882100355.7845663, "eps_excl": 0.8014961057023644, "yoy": -0.0812, "latest_report": "2026-03-31"}