{"value_line": 14.788208955223881, "quality_score": 62.57276119402985, "total_share": 406060606.06060606, "eps_excl": 0.302910447761194, "yoy": 3.7332, "latest_report": "2026-03-31"}