{"value_line": 6.873379310344828, "quality_score": 30.916896551724136, "total_share": 1188524590.1639345, "eps_excl": 0.4366758620689655, "yoy": -0.7073, "latest_report": "2026-03-31"}