{"value_line": 2.086267324017322, "quality_score": 15.0, "total_share": 1100287719.2982457, "eps_excl": 0.015253464803464484, "yoy": -1.0331000000000001, "latest_report": "2026-03-31"}