{"value_line": 13.319245283018867, "quality_score": 73.53655660377359, "total_share": 432653061.2244898, "eps_excl": 0.44146226415094336, "yoy": 2.3289, "latest_report": "2026-03-31"}