{"value_line": 2.540092585681764, "quality_score": 50.0, "total_share": 1007925981.8731118, "eps_excl": 0.05735996594964084, "yoy": 0.5692, "latest_report": "2026-03-31"}