{"value_line": 6.385100834285714, "quality_score": 43.17438095238096, "total_share": 858632321.3738117, "eps_excl": 0.16770857142857143, "yoy": 0.2254, "latest_report": "2026-03-31"}