{"value_line": 0.25257893305510604, "quality_score": 15.0, "total_share": 426945454.54545456, "eps_excl": 0.013988672174431479, "yoy": -0.2667, "latest_report": "2026-03-31"}