{"value_line": 3.8129317269076304, "quality_score": 16.664658634538153, "total_share": 1464705882.3529413, "eps_excl": 0.16658634538152609, "yoy": -0.8815999999999999, "latest_report": "2026-03-31"}