{"value_line": 4.701655772332744, "quality_score": 50.0, "total_share": 1249824000.0, "eps_excl": 0.015013633919655888, "yoy": 0.8759999999999999, "latest_report": "2026-03-31"}