{"value_line": 4.389706509433962, "quality_score": 31.070400943396226, "total_share": 1918552036.199095, "eps_excl": 0.14281603773584906, "yoy": -0.28600000000000003, "latest_report": "2026-03-31"}