{"value_line": 5.063591198850694, "quality_score": 15.0, "total_share": 457667500.0, "eps_excl": 0.0227182397701388, "yoy": -1.0752, "latest_report": "2026-03-31"}