{"value_line": 9.450411687242799, "quality_score": 61.25102880658436, "total_share": 867857142.8571429, "eps_excl": 0.2500411522633745, "yoy": 0.6079, "latest_report": "2026-03-31"}