{"value_line": 23.539148311306903, "quality_score": 72.72393538913363, "total_share": 1918309859.1549296, "eps_excl": 0.7089574155653451, "yoy": 10.622300000000001, "latest_report": "2026-03-31"}