{"value_line": 10.004473394996444, "quality_score": 59.71144016921913, "total_share": 379558571.42857146, "eps_excl": 0.1884576067687652, "yoy": 0.5571, "latest_report": "2026-03-31"}