{"value_line": 16.790504504504504, "quality_score": 50.50252252252252, "total_share": 806490675.7084041, "eps_excl": 1.2201009009009007, "yoy": -0.7225, "latest_report": "2026-03-31"}