{"value_line": 7.2844351539225425, "quality_score": 59.8701588877855, "total_share": 2582051282.051282, "eps_excl": 0.19480635551142006, "yoy": 0.6859999999999999, "latest_report": "2026-03-31"}