{"value_line": 7.239341666666666, "quality_score": 41.09670833333334, "total_share": 487250284.22933245, "eps_excl": 0.5438683333333334, "yoy": -0.6681999999999999, "latest_report": "2026-03-31"}