{"value_line": 17.07345283209868, "quality_score": 51.69508459429825, "total_share": 208219178.0821918, "eps_excl": 0.2740367171052631, "yoy": 0.3259, "latest_report": "2026-03-31"}