{"value_line": 3.511891123849845, "quality_score": 50.0, "total_share": 899444000.0, "eps_excl": 0.00809455619249225, "yoy": 3.6452999999999998, "latest_report": "2026-03-31"}