{"value_line": 6.794275905253384, "quality_score": 25.221379526266922, "total_share": 146251578.94736844, "eps_excl": 0.20885518105067688, "yoy": -1.8738, "latest_report": "2026-03-31"}