{"value_line": 8.80219667752443, "quality_score": 62.04315960912052, "total_share": 990322580.6451613, "eps_excl": 0.28172638436482084, "yoy": 0.7862, "latest_report": "2026-03-31"}