{"value_line": 8.544047307692308, "quality_score": 52.94711538461539, "total_share": 472727272.72727275, "eps_excl": 0.21788461538461537, "yoy": 0.9662000000000001, "latest_report": "2026-03-31"}