{"value_line": 4.187681049723757, "quality_score": 32.197099447513814, "total_share": 824977210.5742935, "eps_excl": 0.1878839779005525, "yoy": -0.139, "latest_report": "2026-03-31"}