{"value_line": 9.819351696238678, "quality_score": 50.08668962029835, "total_share": 106163684.21052632, "eps_excl": 0.10346758481193391, "yoy": 2.8641, "latest_report": "2026-03-31"}