{"value_line": 3.9818471186363635, "quality_score": 7.5, "total_share": 770847932.7259988, "eps_excl": 0.08236942372727271, "yoy": -53.004799999999996, "latest_report": "2026-03-31"}