{"value_line": 4.043209685626336, "quality_score": 24.00830050990099, "total_share": 553121577.2179627, "eps_excl": 0.1603320203960396, "yoy": -0.4429, "latest_report": "2026-03-31"}