{"value_line": 4.382902237048775, "quality_score": 16.364511185243874, "total_share": 336722404.8849225, "eps_excl": 0.15458044740975502, "yoy": -1.4581, "latest_report": "2026-03-31"}