{"value_line": 10.25692978, "quality_score": 21.6395, "total_share": 295420974.88921714, "eps_excl": 0.36558, "yoy": -0.1009, "latest_report": "2026-03-31"}