{"value_line": 4.934905660377359, "quality_score": 17.92452830188679, "total_share": 1060000000.0, "eps_excl": 0.21698113207547168, "yoy": -0.5353, "latest_report": "2026-03-31"}