{"value_line": 4.201074465296173, "quality_score": 32.483139325199915, "total_share": 185559230.76923075, "eps_excl": 0.19932557300799664, "yoy": -0.4476, "latest_report": "2026-03-31"}