{"value_line": 9.111999115044249, "quality_score": 46.2620575221239, "total_share": 332352941.1764705, "eps_excl": 0.33398230088495584, "yoy": 0.0785, "latest_report": "2026-03-31"}