{"value_line": 3.8724453604992, "quality_score": 15.0, "total_share": 256015817.2231986, "eps_excl": 0.012489072099840053, "yoy": -2.0072, "latest_report": "2026-03-31"}