{"value_line": 5.147027027027027, "quality_score": 25.335135135135136, "total_share": 660714285.7142856, "eps_excl": 0.21340540540540545, "yoy": -0.7715000000000001, "latest_report": "2026-03-31"}