{"value_line": 84.93304399524376, "quality_score": 100, "total_share": 265299684.54258674, "eps_excl": 3.102152199762188, "yoy": 1.4938, "latest_report": "2026-03-31"}