{"value_line": 4.345448443579767, "quality_score": 16.177242217898833, "total_share": 2114356232.0032904, "eps_excl": 0.14708968871595335, "yoy": -0.9254000000000001, "latest_report": "2026-03-31"}