{"value_line": 3.616158117325641, "quality_score": 15.0, "total_share": 364398888.8888889, "eps_excl": 0.09323162346512825, "yoy": -0.8662000000000001, "latest_report": "2026-03-31"}