{"value_line": 1.3719625742209622, "quality_score": 50.0, "total_share": 2640577981.6513762, "eps_excl": 0.02809812871104811, "yoy": 3.1711, "latest_report": "2026-03-31"}