{"value_line": 7.571245212400469, "quality_score": 15.0, "total_share": 123705000.0, "eps_excl": 0.07674629158077685, "yoy": -0.39899999999999997, "latest_report": "2026-03-31"}