{"value_line": 1.2944046614815758, "quality_score": 22.5, "total_share": 1008385714.2857143, "eps_excl": 0.07086970688653718, "yoy": -0.4717, "latest_report": "2026-03-31"}