{"value_line": 5.984782670346201, "quality_score": 25.795300456810942, "total_share": 353019473.68421054, "eps_excl": 0.13304535160577097, "yoy": 0.0709, "latest_report": "2026-03-31"}