{"value_line": 6.6298646458150285, "quality_score": 25.483848453757226, "total_share": 185264510.60184196, "eps_excl": 0.219353938150289, "yoy": -0.298, "latest_report": "2026-03-31"}