{"value_line": 16.404934065934068, "quality_score": 50.0309065934066, "total_share": 228930817.61006287, "eps_excl": 1.201236263736264, "yoy": -0.37439999999999996, "latest_report": "2026-03-31"}