{"value_line": 130.12934047619046, "quality_score": 86.69416666666666, "total_share": 273488372.09302324, "eps_excl": 6.3329931972789115, "yoy": 0.27190000000000003, "latest_report": "2026-03-31"}