{"value_line": 4.3841459865581225, "quality_score": 57.5, "total_share": 352133333.3333333, "eps_excl": 0.0601584627035214, "yoy": 0.6193, "latest_report": "2026-03-31"}