{"value_line": 9.600840564102564, "quality_score": 41.06549145299145, "total_share": 344624447.7172312, "eps_excl": 0.5426196581196582, "yoy": -0.4396, "latest_report": "2026-03-31"}