{"value_line": 7.5426124471877, "quality_score": 24.00421309811772, "total_share": 224793750.0, "eps_excl": 0.1436018572580421, "yoy": -0.0929, "latest_report": "2026-03-31"}