{"value_line": 14.390408715758205, "quality_score": 22.502043578791024, "total_share": 131849305.55555557, "eps_excl": 0.4000817431516409, "yoy": -1.6254, "latest_report": "2026-03-31"}