{"value_line": 10.949866799999999, "quality_score": 32.47, "total_share": 344827586.2068966, "eps_excl": 0.4987999999999999, "yoy": -0.1139, "latest_report": "2026-03-31"}