{"value_line": 17.240296983758704, "quality_score": 46.91220804331014, "total_share": 426732673.26732665, "eps_excl": 0.937354988399072, "yoy": 0.0882, "latest_report": "2026-03-31"}