{"value_line": 14.841005831055144, "quality_score": 29.456540945504425, "total_share": 146485116.27906978, "eps_excl": 0.37826163782017697, "yoy": -0.24100000000000002, "latest_report": "2026-03-31"}