{"value_line": 6.146896551724138, "quality_score": 40.53448275862069, "total_share": 966666666.6666666, "eps_excl": 0.5213793103448277, "yoy": -0.871, "latest_report": "2026-03-31"}