{"value_line": 13.109599999999999, "quality_score": 48.50128205128205, "total_share": 325000000.0, "eps_excl": 0.6953846153846153, "yoy": -0.038, "latest_report": "2026-03-31"}