{"value_line": 6.066691588785047, "quality_score": 18.333457943925232, "total_share": 432847896.44012946, "eps_excl": 0.23333831775700933, "yoy": -0.7836, "latest_report": "2026-03-31"}