{"value_line": 23.42595471698113, "quality_score": 64.24528301886792, "total_share": 193902439.02439025, "eps_excl": 1.469811320754717, "yoy": -0.4036, "latest_report": "2026-03-31"}