{"value_line": 15.322433862433861, "quality_score": 71.82804232804233, "total_share": 460975609.7560976, "eps_excl": 0.3731216931216931, "yoy": 1.0349, "latest_report": "2026-03-31"}