{"value_line": 15.656387351027398, "quality_score": 22.5, "total_share": 545386626.8210684, "eps_excl": 0.04727747020547945, "yoy": -0.5623, "latest_report": "2026-03-31"}