{"value_line": 20.10310439716779, "quality_score": 63.58103474639444, "total_share": 174395925.92592588, "eps_excl": 0.3432413898557774, "yoy": 0.8043, "latest_report": "2026-03-31"}