{"value_line": 14.148792727272728, "quality_score": 41.382488344988346, "total_share": 262867647.0588235, "eps_excl": 0.4831328671328672, "yoy": 0.059500000000000004, "latest_report": "2026-03-31"}