{"value_line": 6.35936170212766, "quality_score": 27.4468085106383, "total_share": 335714285.71428573, "eps_excl": 0.2978723404255319, "yoy": -0.5122, "latest_report": "2026-03-31"}