{"value_line": 3.6322377640623706, "quality_score": 32.47777100623942, "total_share": 222271052.63157895, "eps_excl": 0.18481084024957678, "yoy": 0.0347, "latest_report": "2026-03-31"}