{"value_line": 7.477381793640162, "quality_score": 25.929333716071827, "total_share": 195956250.0, "eps_excl": 0.23717334864287312, "yoy": -0.43189999999999995, "latest_report": "2026-03-31"}