{"value_line": 8.637623456790124, "quality_score": 27.138117283950617, "total_share": 1117241379.310345, "eps_excl": 0.28552469135802466, "yoy": -0.6981, "latest_report": "2026-03-31"}