{"value_line": 28.37867132867133, "quality_score": 50.41083916083916, "total_share": 953333333.3333334, "eps_excl": 0.11643356643356645, "yoy": 7.938300000000001, "latest_report": "2026-03-31"}