{"value_line": 9.201585820895522, "quality_score": 41.259328358208954, "total_share": 227118644.06779665, "eps_excl": 0.5503731343283581, "yoy": -0.17300000000000001, "latest_report": "2026-03-31"}