{"value_line": 5.149483602148743, "quality_score": 36.230000000000004, "total_share": 599420000.0, "eps_excl": 0.04365152981215175, "yoy": 0.0068000000000000005, "latest_report": "2026-03-31"}