{"value_line": 12.160576, "quality_score": 30.433333333333337, "total_share": 750000000.0, "eps_excl": 0.7173333333333334, "yoy": -0.41859999999999997, "latest_report": "2026-03-31"}