{"value_line": 3.5133906194866413, "quality_score": 22.5, "total_share": 200958181.8181818, "eps_excl": 0.05267812389732825, "yoy": -11.074200000000001, "latest_report": "2026-03-31"}