{"value_line": 4.064040013494609, "quality_score": 30.143333333333334, "total_share": 169963875.2052545, "eps_excl": 0.042604347490049085, "yoy": 0.15960000000000002, "latest_report": "2026-03-31"}