{"value_line": 4.028008376850606, "quality_score": 29.0, "total_share": 420148809.5238095, "eps_excl": 0.05596564709215839, "yoy": 0.14, "latest_report": "2026-03-31"}