{"value_line": 8.295225277490424, "quality_score": 17.57612638745212, "total_share": 286136000.0, "eps_excl": 0.20304505549808483, "yoy": -0.5885, "latest_report": "2026-03-31"}