{"value_line": 17.603225806451615, "quality_score": 67.62903225806451, "total_share": 287037037.037037, "eps_excl": 0.5051612903225807, "yoy": 1.6002, "latest_report": "2026-03-31"}