{"value_line": 1.8889021674853066, "quality_score": 22.5, "total_share": 736542222.2222222, "eps_excl": 0.035780433497061344, "yoy": -1.568, "latest_report": "2026-03-31"}