{"value_line": 9.844749470763634, "quality_score": 60.848794232169084, "total_share": 271651290.32258064, "eps_excl": 0.2339517692867635, "yoy": 0.7759, "latest_report": "2026-03-31"}