{"value_line": 19.462745741917807, "quality_score": 49.70519178082191, "total_share": 297086114.2764122, "eps_excl": 1.1882076712328766, "yoy": -0.24989999999999998, "latest_report": "2026-03-31"}