{"value_line": 12.80955223880597, "quality_score": 45.44776119402985, "total_share": 181081081.0810811, "eps_excl": 0.717910447761194, "yoy": -0.7184, "latest_report": "2026-03-31"}