{"value_line": 9.989003559160956, "quality_score": 66.18625444895119, "total_share": 261777235.77235773, "eps_excl": 0.14745017795804785, "yoy": 1.2941999999999998, "latest_report": "2026-03-31"}