{"value_line": 12.824859504132231, "quality_score": 68.45935261707989, "total_share": 302500000.0, "eps_excl": 0.34710743801652894, "yoy": 0.4534, "latest_report": "2026-03-31"}