{"value_line": 2.9027643198880506, "quality_score": 15.0, "total_share": 151088571.42857137, "eps_excl": 0.06455286397761013, "yoy": -6.0379, "latest_report": "2026-03-31"}