{"value_line": 8.282306289763735, "quality_score": 24.454166666666666, "total_share": 321248461.53846145, "eps_excl": 0.08808851523982159, "yoy": -0.0665, "latest_report": "2026-03-31"}