{"value_line": 13.327194285714288, "quality_score": 67.73376623376623, "total_share": 290566037.735849, "eps_excl": 0.5093506493506494, "yoy": 0.6918000000000001, "latest_report": "2026-03-31"}