{"value_line": 19.12957191208791, "quality_score": 63.29623626373626, "total_share": 358267716.53543305, "eps_excl": 1.2225494505494505, "yoy": -0.0103, "latest_report": "2026-03-31"}