{"value_line": 9.190359712230215, "quality_score": 34.0431654676259, "total_share": 217187500.0, "eps_excl": 0.5617266187050359, "yoy": -0.4, "latest_report": "2026-03-31"}