{"value_line": 8.496897475728156, "quality_score": 27.07766990291262, "total_share": 381481481.48148143, "eps_excl": 0.2831067961165049, "yoy": -0.34409999999999996, "latest_report": "2026-03-31"}