{"value_line": 14.504959318181818, "quality_score": 66.2760606060606, "total_share": 431372549.0196079, "eps_excl": 0.49840909090909086, "yoy": 0.4797, "latest_report": "2026-03-31"}