{"value_line": 39.57305618953603, "quality_score": 74.96692991115498, "total_share": 684459459.4594595, "eps_excl": 1.0986771964461992, "yoy": 0.8251999999999999, "latest_report": "2026-03-31"}