{"value_line": 18.46713548387097, "quality_score": 24.93567741935484, "total_share": 265365519.60280776, "eps_excl": 0.4974270967741935, "yoy": -1.2527, "latest_report": "2026-03-31"}