{"value_line": 39.871886315789475, "quality_score": 91.14500000000001, "total_share": 255769230.76923075, "eps_excl": 2.0213533834586466, "yoy": 0.3482, "latest_report": "2026-03-31"}