{"value_line": 8.757438310089114, "quality_score": 31.166526864478342, "total_share": 189477446.80851066, "eps_excl": 0.4466610745791336, "yoy": -0.3737, "latest_report": "2026-03-31"}