{"value_line": 6.436098966651136, "quality_score": 22.5, "total_share": 285628461.5384615, "eps_excl": 0.07121979333022728, "yoy": -0.8331000000000001, "latest_report": "2026-03-31"}