{"value_line": 7.18705918918919, "quality_score": 44.45621621621622, "total_share": 672727272.7272727, "eps_excl": 0.20364864864864865, "yoy": 0.10339999999999999, "latest_report": "2026-03-31"}