{"value_line": 28.802330843989772, "quality_score": 72.59013853367432, "total_share": 524832214.76510066, "eps_excl": 1.432838874680307, "yoy": 0.058899999999999994, "latest_report": "2026-03-31"}