{"value_line": 15.024835200000002, "quality_score": 68.67750000000001, "total_share": 312500000.0, "eps_excl": 0.6944, "yoy": 0.30829999999999996, "latest_report": "2026-03-31"}