{"value_line": 14.015673566371426, "quality_score": 15.0, "total_share": 235297727.27272728, "eps_excl": 0.08713471327428501, "yoy": -12.185899999999998, "latest_report": "2026-03-31"}