{"value_line": 12.722256776556776, "quality_score": 53.84434065934066, "total_share": 417367375.0191102, "eps_excl": 0.4121069597069597, "yoy": 0.175, "latest_report": "2026-03-31"}