{"value_line": 7.55904506329114, "quality_score": 31.0815611814346, "total_share": 464705882.35294116, "eps_excl": 0.31632911392405066, "yoy": -0.045599999999999995, "latest_report": "2026-03-31"}