{"value_line": 8.61384124137931, "quality_score": 24.49655172413793, "total_share": 295918367.3469388, "eps_excl": 0.4798620689655172, "yoy": -0.2469, "latest_report": "2026-03-31"}