{"value_line": 108.25463032967032, "quality_score": 100, "total_share": 667209775.9674134, "eps_excl": 4.667197802197802, "yoy": 0.7504000000000001, "latest_report": "2026-03-31"}