{"value_line": 25.323348876404495, "quality_score": 65.0, "total_share": 2321739130.434783, "eps_excl": 1.5221348314606742, "yoy": -0.3185, "latest_report": "2026-03-31"}