{"value_line": 24.983016, "quality_score": 83.68083333333333, "total_share": 408163265.3061225, "eps_excl": 1.176, "yoy": 0.3591, "latest_report": "2026-03-31"}