{"value_line": 9.073053254597898, "quality_score": 20.41526627298949, "total_share": 196040467.43129194, "eps_excl": 0.3166106509195797, "yoy": -2.2367, "latest_report": "2026-03-31"}