{"value_line": 15.236984999999999, "quality_score": 51.1975, "total_share": 333333333.3333334, "eps_excl": 0.585, "yoy": 0.1841, "latest_report": "2026-03-31"}