{"value_line": 31.89130428571429, "quality_score": 77.03999999999999, "total_share": 209625668.44919786, "eps_excl": 1.7698214285714287, "yoy": 0.10640000000000001, "latest_report": "2026-03-31"}