{"value_line": 4.629951875586226, "quality_score": 29.44333333333333, "total_share": 170582857.14285713, "eps_excl": 0.048793296931528875, "yoy": 0.1476, "latest_report": "2026-03-31"}