{"value_line": 27.70687123287671, "quality_score": 71.2835890410959, "total_share": 152083333.33333334, "eps_excl": 0.6513435616438356, "yoy": 3.8358, "latest_report": "2026-03-31"}