{"value_line": 8.950032851757253, "quality_score": 51.12923802849441, "total_share": 246017726.5053461, "eps_excl": 0.32706952113977633, "yoy": 0.1649, "latest_report": "2026-03-31"}