{"value_line": 23.554834123222747, "quality_score": 49.92417061611374, "total_share": 274025974.02597404, "eps_excl": 1.1969668246445497, "yoy": -0.8820999999999999, "latest_report": "2026-03-31"}