{"value_line": 9.09093273830156, "quality_score": 19.87305025996534, "total_share": 749350649.3506494, "eps_excl": 0.29492201039861354, "yoy": -0.1893, "latest_report": "2026-03-31"}