{"value_line": 13.915016078166126, "quality_score": 15.0, "total_share": 116102647.05882353, "eps_excl": 0.0987023146353759, "yoy": -0.1844, "latest_report": "2026-03-31"}