{"value_line": 5.926586477707782, "quality_score": 50.0, "total_share": 152615714.28571427, "eps_excl": 0.028329323885389075, "yoy": 1.4931999999999999, "latest_report": "2026-03-31"}