{"value_line": 18.810000000000002, "quality_score": 36.75, "total_share": 317525773.1958763, "eps_excl": 0.97, "yoy": -0.8365, "latest_report": "2026-03-31"}