{"value_line": 18.79076074666667, "quality_score": 45.772444444444446, "total_share": 1032110091.7431192, "eps_excl": 1.030897777777778, "yoy": -0.44409999999999994, "latest_report": "2026-03-31"}