{"value_line": 33.57109777099237, "quality_score": 57.5, "total_share": 157300672.43035543, "eps_excl": 2.3140396946564885, "yoy": -0.401, "latest_report": "2026-03-31"}