{"value_line": 8.9830976, "quality_score": 31.984, "total_share": 223214285.7142857, "eps_excl": 0.47936, "yoy": -0.4215, "latest_report": "2026-03-31"}