{"value_line": 10.275968720388143, "quality_score": 32.729843601940715, "total_share": 136605370.37037036, "eps_excl": 0.5091937440776284, "yoy": -1.1856, "latest_report": "2026-03-31"}