{"value_line": 5.81339862962732, "quality_score": 50.693128694671856, "total_share": 421951822.9166667, "eps_excl": 0.13379181445354085, "yoy": 0.4974, "latest_report": "2026-03-31"}