{"value_line": 66.389454400978, "quality_score": 68.3775, "total_share": 564137931.0344828, "eps_excl": 4.279095354523227, "yoy": -0.0421, "latest_report": "2026-03-31"}