{"value_line": 21.48941176470588, "quality_score": 79.71176470588236, "total_share": 559210526.3157895, "eps_excl": 0.6884705882352942, "yoy": 6.5762, "latest_report": "2026-03-31"}