{"value_line": 9.734688375, "quality_score": 21.2187109375, "total_share": 874555889.5873189, "eps_excl": 0.3487484375, "yoy": -0.256, "latest_report": "2026-03-31"}