{"value_line": 4.779286643012981, "quality_score": 22.5, "total_share": 226885000.0, "eps_excl": 0.08185732860259604, "yoy": -0.5919, "latest_report": "2026-03-31"}