{"value_line": 46.18820192307692, "quality_score": 80.23833333333333, "total_share": 90434782.60869566, "eps_excl": 2.1009615384615383, "yoy": 0.2898, "latest_report": "2026-03-31"}