{"value_line": 10.024333695652174, "quality_score": 31.983695652173914, "total_share": 408888888.8888889, "eps_excl": 0.47934782608695653, "yoy": -0.2293, "latest_report": "2026-03-31"}