{"value_line": 4.643351100805772, "quality_score": 57.5, "total_share": 951650549.4505495, "eps_excl": 0.08416755504028858, "yoy": 4.3093, "latest_report": "2026-03-31"}