{"value_line": 3.126427163014446, "quality_score": 15.0, "total_share": 357545000.0, "eps_excl": 0.0012854326028891468, "yoy": -1.7648, "latest_report": "2026-03-31"}