{"value_line": 35.46648914285714, "quality_score": 72.46666666666667, "total_share": 81775700.93457943, "eps_excl": 1.7486857142857144, "yoy": 0.027999999999999997, "latest_report": "2026-03-31"}