{"value_line": 14.111040077828953, "quality_score": 46.65520038914477, "total_share": 103756941.1764706, "eps_excl": 0.7662080155657907, "yoy": -0.6255, "latest_report": "2026-03-31"}