{"value_line": 9.803238753267326, "quality_score": 32.72088118811881, "total_share": 258974358.97435898, "eps_excl": 0.37163524752475247, "yoy": -0.0412, "latest_report": "2026-03-31"}