{"value_line": 8.4895, "quality_score": 41.224999999999994, "total_share": 433333333.3333334, "eps_excl": 0.44999999999999996, "yoy": 0.071, "latest_report": "2026-03-31"}