{"value_line": 18.594350750545438, "quality_score": 52.8717537527272, "total_share": 101490816.32653062, "eps_excl": 1.014870150109088, "yoy": -0.5757, "latest_report": "2026-03-31"}