{"value_line": 16.712388755383255, "quality_score": 40.22197463077559, "total_share": 129788421.05263159, "eps_excl": 0.5088789852310237, "yoy": -0.32549999999999996, "latest_report": "2026-03-31"}