{"value_line": 14.61046350065181, "quality_score": 25.052317503259054, "total_share": 143942941.17647058, "eps_excl": 0.5020927001303621, "yoy": -0.9906, "latest_report": "2026-03-31"}