{"value_line": 11.102347314342273, "quality_score": 46.94031700741291, "total_share": 176350909.0909091, "eps_excl": 0.29571268029651626, "yoy": 0.2351, "latest_report": "2026-03-31"}