{"value_line": 12.358262991666667, "quality_score": 30.691314958333336, "total_share": 144079798.0419925, "eps_excl": 0.42765259833333336, "yoy": -0.9357, "latest_report": "2026-03-31"}