{"value_line": 2.7194595, "quality_score": 17.2925, "total_share": 3781420765.0273223, "eps_excl": 0.0915, "yoy": -0.060700000000000004, "latest_report": "2026-03-31"}