{"value_line": 7.45334628064788, "quality_score": 38.24583333333334, "total_share": 215219545.45454547, "eps_excl": 0.06802820798212396, "yoy": 0.2985, "latest_report": "2026-03-31"}