{"value_line": 21.618986051502144, "quality_score": 70.42537553648069, "total_share": 405217391.3043479, "eps_excl": 1.1105150214592274, "yoy": 0.28850000000000003, "latest_report": "2026-03-31"}