{"value_line": 9.86326593548387, "quality_score": 46.73577956989247, "total_share": 287037037.037037, "eps_excl": 0.5260645161290323, "yoy": 0.0043, "latest_report": "2026-03-31"}