{"value_line": 11.18216390139266, "quality_score": 62.40270487674082, "total_share": 130533030.3030303, "eps_excl": 0.29610819506963293, "yoy": 1.0493999999999999, "latest_report": "2026-03-31"}