{"value_line": 18.806630571900826, "quality_score": 34.23586776859504, "total_share": 105344473.85837194, "eps_excl": 0.5694347107438016, "yoy": -0.34380000000000005, "latest_report": "2026-03-31"}