{"value_line": 25.59536811023622, "quality_score": 50.9744094488189, "total_share": 239622641.50943395, "eps_excl": 0.9389763779527559, "yoy": -0.3189, "latest_report": "2026-03-31"}