{"value_line": 34.48324822380106, "quality_score": 92.19582593250445, "total_share": 450400000.0, "eps_excl": 1.1878330373001775, "yoy": 0.6697, "latest_report": "2026-03-31"}