{"value_line": 5.914358190476191, "quality_score": 28.971790952380953, "total_share": 276315789.4736842, "eps_excl": 0.35887163809523814, "yoy": -0.6393, "latest_report": "2026-03-31"}