{"value_line": 8.82606185185185, "quality_score": 50.542808641975306, "total_share": 444973448.0864311, "eps_excl": 0.45171234567901225, "yoy": 0.23, "latest_report": "2026-03-31"}