{"value_line": 15.366976511602338, "quality_score": 23.3348825580117, "total_share": 134270952.3809524, "eps_excl": 0.43339530232046786, "yoy": -0.7333, "latest_report": "2026-03-31"}