{"value_line": 15.549743556701031, "quality_score": 44.0270618556701, "total_share": 171681415.92920357, "eps_excl": 0.9610824742268039, "yoy": -0.39549999999999996, "latest_report": "2026-03-31"}