{"value_line": 5.374628531468532, "quality_score": 34.328671328671334, "total_share": 1588888888.8888888, "eps_excl": 0.27314685314685316, "yoy": -0.2002, "latest_report": "2026-03-31"}