{"value_line": 12.188390612266113, "quality_score": 31.419953222453223, "total_share": 1843264993.293734, "eps_excl": 0.456798128898129, "yoy": -0.2845, "latest_report": "2026-03-31"}