{"value_line": 4.498328859060403, "quality_score": 66.3104110738255, "total_share": 1725535610.8859293, "eps_excl": 0.15241644295302015, "yoy": 1.1246, "latest_report": "2026-03-31"}