{"value_line": 6.229275991111111, "quality_score": 40.67627777777778, "total_share": 9267734553.775743, "eps_excl": 0.33891777777777776, "yoy": 0.1092, "latest_report": "2026-03-31"}