{"value_line": 3.7923258823529413, "quality_score": 22.5, "total_share": 2550000000.0, "eps_excl": 0.06235294117647059, "yoy": -0.4991, "latest_report": "2026-03-31"}