{"value_line": 3.977315779796983, "quality_score": 15.0, "total_share": 516705000.0, "eps_excl": 0.057463155959396564, "yoy": -1.327, "latest_report": "2026-03-31"}