{"value_line": 2.9928624001905924, "quality_score": 27.2425, "total_share": 908923791.8215613, "eps_excl": 0.043092061570426235, "yoy": -0.0187, "latest_report": "2026-03-31"}