{"value_line": 8.226182609144086, "quality_score": 43.207728261430105, "total_share": 200351291.51291513, "eps_excl": 0.12830913045720432, "yoy": 7.448200000000001, "latest_report": "2026-03-31"}