{"value_line": 5.650730507006152, "quality_score": 23.226417932944962, "total_share": 236483622.35067436, "eps_excl": 0.12905671731779852, "yoy": -0.3873, "latest_report": "2026-03-31"}