{"value_line": 43.603673655423876, "quality_score": 91.26709206927984, "total_share": 751369863.0136987, "eps_excl": 1.450683682771194, "yoy": 1.1169, "latest_report": "2026-03-31"}