{"value_line": 1.6613413532864607, "quality_score": 22.5, "total_share": 1033533333.3333334, "eps_excl": 0.010268270657292137, "yoy": -1.815, "latest_report": "2026-03-31"}