{"value_line": 19.127193885760256, "quality_score": 63.83155403593457, "total_share": 1035833333.3333334, "eps_excl": 0.999195494770716, "yoy": 0.0946, "latest_report": "2026-03-31"}