{"value_line": 2.5111644972485125, "quality_score": 15.0, "total_share": 720703041.1449016, "eps_excl": 0.01623289944970251, "yoy": -1.1582, "latest_report": "2026-03-31"}