{"value_line": 41.66250542815674, "quality_score": 84.52000000000001, "total_share": 2046534653.4653468, "eps_excl": 1.5128011611030476, "yoy": 0.3632, "latest_report": "2026-03-31"}