{"value_line": 3.8779529146900003, "quality_score": 47.639367583333325, "total_share": 761014686.2483311, "eps_excl": 0.11694137, "yoy": 0.3237, "latest_report": "2026-03-31"}