{"value_line": 2.9488581408791537, "quality_score": 15.0, "total_share": 1423824034.334764, "eps_excl": 0.010116559106076546, "yoy": -0.4182, "latest_report": "2026-03-31"}