{"value_line": 7.187783913130899, "quality_score": 25.223156322392086, "total_share": 273931108.25845104, "eps_excl": 0.2089262528956835, "yoy": -0.46020000000000005, "latest_report": "2026-03-31"}