{"value_line": 3.144220408943662, "quality_score": 20.541666666666668, "total_share": 1039531478.7701318, "eps_excl": 0.06173069436619718, "yoy": -0.005, "latest_report": "2026-03-31"}