{"value_line": 46.648227848101264, "quality_score": 78.94778481012658, "total_share": 521968946.1513049, "eps_excl": 0.9579113924050633, "yoy": 2.2144999999999997, "latest_report": "2026-03-31"}