{"value_line": 12.147182086614173, "quality_score": 65.78091043307087, "total_share": 1672427983.5390944, "eps_excl": 0.5680364173228347, "yoy": 0.3128, "latest_report": "2026-03-31"}