{"value_line": 7.617601217133271, "quality_score": 25.63416666666667, "total_share": 3629946428.5714293, "eps_excl": 0.00624607014074391, "yoy": 0.0823, "latest_report": "2026-03-31"}