{"value_line": 6.213568633093526, "quality_score": 48.34235011990408, "total_share": 479310344.82758623, "eps_excl": 0.2858273381294964, "yoy": 0.1348, "latest_report": "2026-03-31"}