{"value_line": 18.466360333333334, "quality_score": 80.62708333333333, "total_share": 935064935.0649351, "eps_excl": 0.7250833333333333, "yoy": 0.7524, "latest_report": "2026-03-31"}