{"value_line": 3.0526350121125363, "quality_score": 50.0, "total_share": 290608000.0, "eps_excl": 0.06186065077355062, "yoy": 0.5722999999999999, "latest_report": "2026-03-31"}