{"value_line": 10.537775531914892, "quality_score": 43.43887765957447, "total_share": 685430946.4780517, "eps_excl": 0.6375551063829787, "yoy": -0.506, "latest_report": "2026-03-31"}