{"value_line": 13.196916883116883, "quality_score": 53.301038961038955, "total_share": 265517241.37931037, "eps_excl": 0.5084415584415584, "yoy": 0.1244, "latest_report": "2026-03-31"}