{"value_line": 3.2451897600000006, "quality_score": 41.02250000000001, "total_share": 3571428571.428571, "eps_excl": 0.07616, "yoy": 0.3461, "latest_report": "2026-03-31"}