{"value_line": 4.599421570177048, "quality_score": 39.62704544398907, "total_share": 736418511.0663984, "eps_excl": 0.10134848442622951, "yoy": 0.32159999999999994, "latest_report": "2026-03-31"}