{"value_line": 7.862454880597014, "quality_score": 47.62496460007654, "total_share": 3098541444.325863, "eps_excl": 0.2872319173363949, "yoy": 0.1219, "latest_report": "2026-03-31"}