{"value_line": 5.510939804400978, "quality_score": 19.985330073349633, "total_share": 2621794871.794872, "eps_excl": 0.2994132029339853, "yoy": -0.1547, "latest_report": "2026-03-31"}