{"value_line": 4.5147061964642905, "quality_score": 23.51251154423576, "total_share": 761563333.3333334, "eps_excl": 0.14050046176943043, "yoy": -0.19949999999999998, "latest_report": "2026-03-31"}