{"value_line": 3.8471802589473687, "quality_score": 15.0, "total_share": 2646239554.3175488, "eps_excl": 0.07520105263157895, "yoy": -0.1394, "latest_report": "2026-03-31"}