{"value_line": 4.931948, "quality_score": 22.5, "total_share": 958333333.3333333, "eps_excl": 0.040389600000000005, "yoy": -2.2076, "latest_report": "2026-03-31"}