{"value_line": 1.555777578242223, "quality_score": 22.5, "total_share": 846410000.0, "eps_excl": 0.0671555156484446, "yoy": -0.5579999999999999, "latest_report": "2026-03-31"}