{"value_line": 6.486601864280697, "quality_score": 22.5, "total_share": 423642605.6338028, "eps_excl": 0.03732037285613954, "yoy": -10.6459, "latest_report": "2026-03-31"}