{"value_line": 12.090125700000002, "quality_score": 29.18166666666667, "total_share": 769230769.2307692, "eps_excl": 0.17290000000000003, "yoy": -0.0167, "latest_report": "2026-03-31"}