{"value_line": 2.7419632553571427, "quality_score": 57.5, "total_share": 643308443.42332, "eps_excl": 0.04759816276785714, "yoy": 1.9777, "latest_report": "2026-03-31"}