{"value_line": 6.214069767441861, "quality_score": 25.070348837209302, "total_share": 936819172.1132897, "eps_excl": 0.2028139534883721, "yoy": -0.8447, "latest_report": "2026-03-31"}