{"value_line": 1.959919554678064, "quality_score": 36.704166666666666, "total_share": 3274485000.0, "eps_excl": 0.018357634864719186, "yoy": 0.1435, "latest_report": "2026-03-31"}