{"value_line": 21.78665162200282, "quality_score": 79.37081452750353, "total_share": 952828920.8439726, "eps_excl": 0.6748325811001411, "yoy": 1.0404, "latest_report": "2026-03-31"}