{"value_line": 6.876060606060605, "quality_score": 29.28030303030303, "total_share": 471428571.42857146, "eps_excl": 0.37121212121212116, "yoy": -0.7252, "latest_report": "2026-03-31"}