{"value_line": 2.5164870932203387, "quality_score": 44.68833333333333, "total_share": 1918699186.99187, "eps_excl": 0.08391101694915254, "yoy": 0.1518, "latest_report": "2026-03-31"}