{"value_line": 9.22946889632107, "quality_score": 37.98494983277592, "total_share": 1359090909.090909, "eps_excl": 0.41939799331103683, "yoy": -0.2872, "latest_report": "2026-03-31"}