{"value_line": 10.605104691848906, "quality_score": 47.2286282306163, "total_share": 565168539.3258427, "eps_excl": 0.7891451292246521, "yoy": -0.3911, "latest_report": "2026-03-31"}