{"value_line": 5.411623408064516, "quality_score": 29.319233870967743, "total_share": 329962746.14156467, "eps_excl": 0.37276935483870965, "yoy": -0.3611, "latest_report": "2026-03-31"}