{"value_line": 12.904918784648187, "quality_score": 31.12633262260128, "total_share": 565060240.9638555, "eps_excl": 0.7450533049040511, "yoy": -0.33630000000000004, "latest_report": "2026-03-31"}