{"value_line": 3.9850350961256544, "quality_score": 15.0, "total_share": 1910000000.0, "eps_excl": 0.011026335078534033, "yoy": -0.2288, "latest_report": "2026-03-31"}