{"value_line": 3.6522411014412874, "quality_score": 22.5, "total_share": 538234166.6666667, "eps_excl": 0.08353631706150202, "yoy": -0.1833, "latest_report": "2026-03-31"}