{"value_line": 4.592374102373937, "quality_score": 65.13534258461308, "total_share": 319979271.3567839, "eps_excl": 0.10541370338452358, "yoy": 0.5770000000000001, "latest_report": "2026-03-31"}