{"value_line": 2.6919387762743647, "quality_score": 15.0, "total_share": 1761651715.0395777, "eps_excl": 0.006387755254872946, "yoy": -1.2453, "latest_report": "2026-03-31"}