{"value_line": 12.939889375609756, "quality_score": 40.02806910569106, "total_share": 483237297.0141436, "eps_excl": 0.5773560975609755, "yoy": -0.0040999999999999995, "latest_report": "2026-03-31"}