{"value_line": 5.389918534375, "quality_score": 40.63009014423078, "total_share": 452173913.04347825, "eps_excl": 0.10390360576923077, "yoy": 0.33770000000000006, "latest_report": "2026-03-31"}