{"value_line": 3.30342007220902, "quality_score": 53.26916666666666, "total_share": 387361132.9661684, "eps_excl": 0.05877435308407266, "yoy": 0.2989, "latest_report": "2026-03-31"}