{"value_line": 2.4421103510424773, "quality_score": 22.5, "total_share": 610325000.0, "eps_excl": 0.020422070208495475, "yoy": -114.8466, "latest_report": "2026-03-31"}