{"value_line": 28.977561534653468, "quality_score": 57.5, "total_share": 2700534759.358289, "eps_excl": 1.8333405940594059, "yoy": -0.1525, "latest_report": "2026-03-31"}