{"value_line": 3.0900680597198993, "quality_score": 7.5, "total_share": 648695000.0000001, "eps_excl": 0.006013611943979836, "yoy": -0.8704000000000001, "latest_report": "2026-03-31"}