{"value_line": 0.6912225579439253, "quality_score": 7.5, "total_share": 1022944550.669216, "eps_excl": 0.004244511588785047, "yoy": -2.1036, "latest_report": "2026-03-31"}