{"value_line": 12.29308202247191, "quality_score": 62.08709737827716, "total_share": 323636363.6363636, "eps_excl": 0.5345505617977528, "yoy": 0.3924, "latest_report": "2026-03-31"}