{"value_line": 6.4937810526315785, "quality_score": 52.53188596491228, "total_share": 950000000.0, "eps_excl": 0.17684210526315788, "yoy": 0.38189999999999996, "latest_report": "2026-03-31"}