{"value_line": 3.8452447555225406, "quality_score": 42.5, "total_share": 503482000.0, "eps_excl": 0.07426223777612705, "yoy": 4.5046, "latest_report": "2026-03-31"}