{"value_line": 9.772659154929578, "quality_score": 21.307511737089207, "total_share": 317910447.761194, "eps_excl": 0.3523004694835682, "yoy": -0.22149999999999997, "latest_report": "2026-03-31"}