{"value_line": 2.749813726032827, "quality_score": 23.399068630164134, "total_share": 580403108.8082901, "eps_excl": 0.1359627452065654, "yoy": -0.8104, "latest_report": "2026-03-31"}