{"value_line": 8.707656322406638, "quality_score": 50.387337482710926, "total_share": 586517400.827452, "eps_excl": 0.3972601659751037, "yoy": 0.12210000000000001, "latest_report": "2026-03-31"}