{"value_line": 32.91330897009966, "quality_score": 84.45413621262458, "total_share": 312014097.6469369, "eps_excl": 0.8781654485049833, "yoy": 1.0952, "latest_report": "2026-03-31"}