{"value_line": 5.6873088597210835, "quality_score": 57.50913607465135, "total_share": 696571428.5714285, "eps_excl": 0.10036544298605415, "yoy": 1.5353, "latest_report": "2026-03-31"}