{"value_line": 12.379180253267975, "quality_score": 67.62245915032679, "total_share": 580314811.3028636, "eps_excl": 0.5048983660130719, "yoy": 0.6675, "latest_report": "2026-03-31"}