{"value_line": 3.418734294871795, "quality_score": 15.0, "total_share": 1418181818.1818182, "eps_excl": 0.08108974358974358, "yoy": -0.3233, "latest_report": "2026-03-31"}