{"value_line": 57.97839934625955, "quality_score": 65.0, "total_share": 2055114503.8167942, "eps_excl": 6.242474556125101, "yoy": -0.4472, "latest_report": "2026-03-31"}