{"value_line": 2.0772207992171454, "quality_score": 30.0, "total_share": 831146666.6666667, "eps_excl": 0.08261646560574948, "yoy": -0.22870000000000001, "latest_report": "2026-03-31"}