{"value_line": 4.235887042842215, "quality_score": 15.0, "total_share": 1085257731.958763, "eps_excl": 0.015177408568443053, "yoy": -2.6264999999999996, "latest_report": "2026-03-31"}