{"value_line": 39.17514361702128, "quality_score": 63.5314295212766, "total_share": 481865948.99397665, "eps_excl": 0.6412571808510639, "yoy": 3.7058, "latest_report": "2026-03-31"}