{"value_line": 10.113129770992366, "quality_score": 34.36564885496183, "total_share": 214052287.58169934, "eps_excl": 0.5746259541984733, "yoy": -0.8925, "latest_report": "2026-03-31"}