{"value_line": 5.506268833562851, "quality_score": 21.696666666666665, "total_share": 459555714.28571427, "eps_excl": 0.04693228553043468, "yoy": 0.0148, "latest_report": "2026-03-31"}