{"value_line": 2.838384181631479, "quality_score": 22.5, "total_share": 270511111.1111111, "eps_excl": 0.09726735398011994, "yoy": -0.33340000000000003, "latest_report": "2026-03-31"}