{"value_line": 4.118041837933822, "quality_score": 41.58083333333333, "total_share": 701552127.6595745, "eps_excl": 0.07073929084294853, "yoy": 0.2271, "latest_report": "2026-03-31"}