{"value_line": 15.837955219512196, "quality_score": 38.773170731707324, "total_share": 238372093.0232558, "eps_excl": 0.7509268292682928, "yoy": -0.11470000000000001, "latest_report": "2026-03-31"}