{"value_line": 14.802346263008515, "quality_score": 27.31173131504257, "total_share": 1822413793.1034484, "eps_excl": 0.2924692526017029, "yoy": -1.0049, "latest_report": "2026-03-31"}