{"value_line": 6.0672010763754045, "quality_score": 69.43202265372167, "total_share": 988167572.7534379, "eps_excl": 0.2772809061488673, "yoy": 0.5136999999999999, "latest_report": "2026-03-31"}