{"value_line": 4.64068327689243, "quality_score": 54.96281540504648, "total_share": 1138321995.4648526, "eps_excl": 0.1396792828685259, "yoy": 0.4395, "latest_report": "2026-03-31"}