{"value_line": 6.7695051094751255, "quality_score": 49.49933908731422, "total_share": 549845103.8575667, "eps_excl": 0.10734023015923558, "yoy": 0.35969999999999996, "latest_report": "2026-03-31"}