{"value_line": 9.118989257142857, "quality_score": 23.56285714285714, "total_share": 397727272.72727275, "eps_excl": 0.4425142857142857, "yoy": -0.13019999999999998, "latest_report": "2026-03-31"}