{"value_line": 3.402801302931596, "quality_score": 15.0, "total_share": 2790909090.909091, "eps_excl": 0.08456026058631921, "yoy": -0.9433, "latest_report": "2026-03-31"}