{"value_line": 10.827545253752891, "quality_score": 50.0, "total_share": 610994452.1497921, "eps_excl": 0.01937726268764457, "yoy": 3.3561, "latest_report": "2026-03-31"}