{"value_line": 8.757355308139534, "quality_score": 16.086776540697674, "total_share": 540880503.1446542, "eps_excl": 0.14347106162790696, "yoy": -1.0293999999999999, "latest_report": "2026-03-31"}