{"value_line": 2.888080351653467, "quality_score": 28.998333333333335, "total_share": 807727000.0, "eps_excl": 0.06111136559753481, "yoy": 0.011399999999999999, "latest_report": "2026-03-31"}