{"value_line": 6.143863636363637, "quality_score": 33.61931818181819, "total_share": 2933333333.3333335, "eps_excl": 0.5447727272727273, "yoy": -0.9953, "latest_report": "2026-03-31"}