{"value_line": 6.490522528654971, "quality_score": 35.05040935672515, "total_share": 813510941.9600381, "eps_excl": 0.2052830409356725, "yoy": 0.1986, "latest_report": "2026-03-31"}