{"value_line": 6.74541027027027, "quality_score": 68.26554054054054, "total_share": 459627329.19254667, "eps_excl": 0.2306216216216216, "yoy": 0.546, "latest_report": "2026-03-31"}