{"value_line": 9.788365934065933, "quality_score": 28.64010989010989, "total_share": 983783783.7837838, "eps_excl": 0.3456043956043956, "yoy": -0.10060000000000001, "latest_report": "2026-03-31"}