{"value_line": 2.715217435753983, "quality_score": 30.376087178769914, "total_share": 489073318.2161753, "eps_excl": 0.11504348715079656, "yoy": -0.6899, "latest_report": "2026-03-31"}