{"value_line": 7.468005139186295, "quality_score": 39.64132762312634, "total_share": 864814814.8148148, "eps_excl": 0.48565310492505354, "yoy": -0.2612, "latest_report": "2026-03-31"}