{"value_line": 7.677077025581395, "quality_score": 47.32871124031008, "total_share": 518540850.1658125, "eps_excl": 0.31241511627906976, "yoy": 0.2346, "latest_report": "2026-03-31"}