{"value_line": 18.442089552238805, "quality_score": 51.97761194029851, "total_share": 837499999.9999999, "eps_excl": 0.17910447761194032, "yoy": 35.5497, "latest_report": "2026-03-31"}