{"value_line": 12.836839212500001, "quality_score": 37.45671875, "total_share": 319361277.4451098, "eps_excl": 0.69826875, "yoy": -0.4362, "latest_report": "2026-03-31"}