{"value_line": 15.331967883211679, "quality_score": 53.94873479318735, "total_share": 138383838.3838384, "eps_excl": 0.9394160583941605, "yoy": -0.0492, "latest_report": "2026-03-31"}