{"value_line": 8.055550679430379, "quality_score": 29.238045886075952, "total_share": 878509869.3355573, "eps_excl": 0.265221835443038, "yoy": -0.0553, "latest_report": "2026-03-31"}