{"value_line": 7.88523, "quality_score": 35.570634920634916, "total_share": 369284876.90504104, "eps_excl": 0.6228253968253967, "yoy": -0.4645, "latest_report": "2026-03-31"}