{"value_line": 7.693096453938632, "quality_score": 22.765482269693162, "total_share": 88772943.03797467, "eps_excl": 0.11061929078772649, "yoy": -0.8291, "latest_report": "2026-03-31"}