{"value_line": 3.0627768685215493, "quality_score": 15.0, "total_share": 2401230000.0, "eps_excl": 0.05455537370430987, "yoy": -0.7204, "latest_report": "2026-03-31"}