{"value_line": 8.846383818965517, "quality_score": 54.163405172413796, "total_share": 600258732.2121603, "eps_excl": 0.37983620689655173, "yoy": 0.1943, "latest_report": "2026-03-31"}