{"value_line": 5.218199933009746, "quality_score": 45.273333333333326, "total_share": 811560833.3333334, "eps_excl": 0.08510538848494618, "yoy": 0.2904, "latest_report": "2026-03-31"}