{"value_line": 10.270997625, "quality_score": 64.98395833333333, "total_share": 695652173.9130435, "eps_excl": 0.365125, "yoy": 0.3861, "latest_report": "2026-03-31"}