{"value_line": 13.799032264044943, "quality_score": 57.8719850187266, "total_share": 680948737.5669471, "eps_excl": 0.5066460674157304, "yoy": 0.3321, "latest_report": "2026-03-31"}