{"value_line": 5.464883847022456, "quality_score": 25.77441923511228, "total_share": 290177666.6666667, "eps_excl": 0.23097676940449124, "yoy": -0.6456999999999999, "latest_report": "2026-03-31"}