{"value_line": 29.181484234234233, "quality_score": 39.023310810810806, "total_share": 853846153.846154, "eps_excl": 0.4157657657657657, "yoy": 0.1765, "latest_report": "2026-03-31"}