{"value_line": 3.4613129836065575, "quality_score": 23.660655737704918, "total_share": 1386363636.3636363, "eps_excl": 0.1464262295081967, "yoy": -0.4869, "latest_report": "2026-03-31"}