{"value_line": 2.7089488889545272, "quality_score": 37.785, "total_share": 2031330000.0, "eps_excl": 0.006117223690882328, "yoy": 0.29059999999999997, "latest_report": "2026-03-31"}