{"value_line": 45.43880568924145, "quality_score": 99.09, "total_share": 777024424.069651, "eps_excl": 2.543034605850273, "yoy": 0.4844, "latest_report": "2026-03-31"}