{"value_line": 3.7222872038934214, "quality_score": 22.5, "total_share": 636497692.3076923, "eps_excl": 0.026457440778684314, "yoy": -0.5064, "latest_report": "2026-03-31"}