{"value_line": 7.3448989409701095, "quality_score": 26.133148299294035, "total_share": 264781111.1111111, "eps_excl": 0.1923592653050948, "yoy": -0.07730000000000001, "latest_report": "2026-03-31"}