{"value_line": 9.77524728630643, "quality_score": 54.997102899264306, "total_share": 199367359.22914785, "eps_excl": 0.28408411597057237, "yoy": 0.3782, "latest_report": "2026-03-31"}