{"value_line": 15.52039548022599, "quality_score": 24.351977401129943, "total_share": 1301470588.235294, "eps_excl": 0.47407909604519777, "yoy": -0.8341, "latest_report": "2026-03-31"}