{"value_line": 12.908000000000001, "quality_score": 53.8975, "total_share": 597889800.7033997, "eps_excl": 0.25590000000000007, "yoy": 3.055, "latest_report": "2026-03-31"}