{"value_line": 13.298016578483246, "quality_score": 43.37742504409171, "total_share": 515454545.45454544, "eps_excl": 0.9350970017636685, "yoy": -0.4623, "latest_report": "2026-03-31"}