{"value_line": 6.861226732704658, "quality_score": 31.509376673215478, "total_share": 340099491.2379876, "eps_excl": 0.1512084002619524, "yoy": 0.0325, "latest_report": "2026-03-31"}