{"value_line": 3.9989851377514403, "quality_score": 34.715, "total_share": 424960132.89036554, "eps_excl": 0.027851553790466953, "yoy": 0.1094, "latest_report": "2026-03-31"}