{"value_line": 48.176132406671954, "quality_score": 94.83749999999999, "total_share": 540343347.639485, "eps_excl": 2.1208737092930896, "yoy": 0.4115, "latest_report": "2026-03-31"}