{"value_line": 3.6069263989252414, "quality_score": 23.072300036484897, "total_share": 462030714.28571427, "eps_excl": 0.13659200145939587, "yoy": 0.0227, "latest_report": "2026-03-31"}