{"value_line": 31.946679410828025, "quality_score": 63.46108280254777, "total_share": 318135764.94427556, "eps_excl": 0.9901433121019109, "yoy": 0.2207, "latest_report": "2026-03-31"}