{"value_line": 5.81157283898305, "quality_score": 29.333686440677965, "total_share": 602655771.1950971, "eps_excl": 0.37334745762711863, "yoy": -0.4371, "latest_report": "2026-03-31"}