{"value_line": 23.747324840764332, "quality_score": 78.32165605095543, "total_share": 170652173.91304347, "eps_excl": 0.6328662420382166, "yoy": 1.2390999999999999, "latest_report": "2026-03-31"}