{"value_line": 3.7700782837392026, "quality_score": 57.5, "total_share": 384057934.5088161, "eps_excl": 0.050003914186960145, "yoy": 7.0737, "latest_report": "2026-03-31"}