{"value_line": 5.324948453608247, "quality_score": 27.074742268041234, "total_share": 646666666.6666667, "eps_excl": 0.2829896907216494, "yoy": -0.6032, "latest_report": "2026-03-31"}