{"value_line": 4.578602480131384, "quality_score": 33.69301240065691, "total_share": 206053600.0, "eps_excl": 0.24772049602627666, "yoy": -0.5456, "latest_report": "2026-03-31"}