{"value_line": 10.23133580965948, "quality_score": 59.9033373346649, "total_share": 174579565.21739128, "eps_excl": 0.1961334933865959, "yoy": 0.7138, "latest_report": "2026-03-31"}