{"value_line": 8.596337948679247, "quality_score": 57.41720754716981, "total_share": 517881571.2331444, "eps_excl": 0.4672883018867925, "yoy": 0.2126, "latest_report": "2026-03-31"}