{"value_line": 2.0527697561983693, "quality_score": 50.0, "total_share": 367758000.0, "eps_excl": 0.06513848780991847, "yoy": 21.6147, "latest_report": "2026-03-31"}