{"value_line": 6.440804042701405, "quality_score": 43.079176589841445, "total_share": 239938571.42857143, "eps_excl": 0.34666706359365784, "yoy": 0.018500000000000003, "latest_report": "2026-03-31"}