{"value_line": 3.478063597613939, "quality_score": 50.0, "total_share": 347686000.0, "eps_excl": 0.02040317988069695, "yoy": 71.59859999999999, "latest_report": "2026-03-31"}