{"value_line": 27.088853636363638, "quality_score": 57.5, "total_share": 205607476.63551402, "eps_excl": 1.7800909090909092, "yoy": -0.281, "latest_report": "2026-03-31"}