{"value_line": 7.638261682242991, "quality_score": 60.96032710280374, "total_share": 1711315473.8104758, "eps_excl": 0.23841308411214954, "yoy": 1.3191, "latest_report": "2026-03-31"}