{"value_line": 27.09527881040892, "quality_score": 75.53159851301115, "total_share": 640476190.4761904, "eps_excl": 0.8212639405204462, "yoy": 3.6724, "latest_report": "2026-03-31"}