{"value_line": 7.050065025051509, "quality_score": 22.5, "total_share": 309227320.1251303, "eps_excl": 0.08576279737918524, "yoy": -0.27699999999999997, "latest_report": "2026-03-31"}