{"value_line": 13.393860165975102, "quality_score": 56.554253112033194, "total_share": 195934959.3495935, "eps_excl": 1.1891701244813278, "yoy": 0.017, "latest_report": "2026-03-31"}