{"value_line": 24.20281420118343, "quality_score": 75.9171597633136, "total_share": 167326732.67326733, "eps_excl": 0.8366863905325443, "yoy": 0.5254, "latest_report": "2026-03-31"}