{"value_line": 30.61694142857143, "quality_score": 91.92255538579067, "total_share": 1910948905.109489, "eps_excl": 1.1769022154316273, "yoy": 0.6082, "latest_report": "2026-03-31"}