{"value_line": 3.7810485946108594, "quality_score": 17.041666666666668, "total_share": 385516000.0, "eps_excl": 0.023641560920947508, "yoy": -0.065, "latest_report": "2026-03-31"}