{"value_line": 14.12009706321553, "quality_score": 46.35048531607765, "total_share": 5086075949.367088, "eps_excl": 0.754019412643106, "yoy": -1.4608, "latest_report": "2026-03-31"}