{"value_line": 9.662748091603053, "quality_score": 69.55343511450381, "total_share": 818750000.0, "eps_excl": 0.2821374045801527, "yoy": 2.5697, "latest_report": "2026-03-31"}