{"value_line": 7.223614311262687, "quality_score": 44.42196412654009, "total_share": 315367777.7777778, "eps_excl": 0.17687856506160354, "yoy": 0.5059, "latest_report": "2026-03-31"}