{"value_line": 6.7325182293984165, "quality_score": 22.5, "total_share": 244085701.39828596, "eps_excl": 0.06735093414249231, "yoy": -0.1351, "latest_report": "2026-03-31"}