{"value_line": 13.401569691134615, "quality_score": 66.73170721153846, "total_share": 212244897.95918366, "eps_excl": 0.4692682884615385, "yoy": 0.5389, "latest_report": "2026-03-31"}