{"value_line": 10.723233827237355, "quality_score": 42.13501297016862, "total_share": 507704464.63848275, "eps_excl": 0.4845338521400779, "yoy": 0.0718, "latest_report": "2026-03-31"}