{"value_line": 8.402022586166238, "quality_score": 48.14631944937707, "total_share": 319968181.8181818, "eps_excl": 0.17565277797508275, "yoy": 0.43579999999999997, "latest_report": "2026-03-31"}