{"value_line": 15.231189029126213, "quality_score": 52.388986286407764, "total_share": 502439024.39024395, "eps_excl": 0.19555945145631065, "yoy": 4.7802999999999995, "latest_report": "2026-03-31"}