{"value_line": 3.8406203599836837, "quality_score": 15.053101799918418, "total_share": 421763440.86021507, "eps_excl": 0.10212407199673669, "yoy": -3.0047, "latest_report": "2026-03-31"}