{"value_line": 21.81449046675192, "quality_score": 57.496999147485084, "total_share": 1548514851.4851484, "eps_excl": 1.0003132992327366, "yoy": 0.11410000000000001, "latest_report": "2026-03-31"}