{"value_line": 87.99459306122449, "quality_score": 91.87416666666667, "total_share": 860678642.7145709, "eps_excl": 5.000705009276437, "yoy": 0.3607, "latest_report": "2026-03-31"}