{"value_line": 3.59994969825234, "quality_score": 50.0, "total_share": 682230769.2307692, "eps_excl": 0.007485150524298118, "yoy": 0.7361, "latest_report": "2026-03-31"}