{"value_line": 5.521243725863846, "quality_score": 25.606218629319226, "total_share": 294038657.6040782, "eps_excl": 0.224248745172769, "yoy": -0.5924, "latest_report": "2026-03-31"}