{"value_line": 5.79849189470653, "quality_score": 50.0, "total_share": 366197272.72727275, "eps_excl": 0.06426017273352415, "yoy": 0.8495, "latest_report": "2026-03-31"}