{"value_line": 22.91395926657264, "quality_score": 72.97999999999999, "total_share": 460389610.38961035, "eps_excl": 1.511763046544429, "yoy": 0.0368, "latest_report": "2026-03-31"}