{"value_line": 23.340970414201188, "quality_score": 71.17621301775148, "total_share": 746466431.0954063, "eps_excl": 0.6470485207100592, "yoy": 1.838, "latest_report": "2026-03-31"}