{"value_line": 3.1419482843243243, "quality_score": 22.559741421621624, "total_share": 796726959.5176573, "eps_excl": 0.10238965686486486, "yoy": -43.82770000000001, "latest_report": "2026-03-31"}