{"value_line": 2.206209149885803, "quality_score": 15.0, "total_share": 494031666.6666667, "eps_excl": 0.02324182997716071, "yoy": -1.4576, "latest_report": "2026-03-31"}