{"value_line": 13.845610558823529, "quality_score": 50.04926470588235, "total_share": 216193302.2467147, "eps_excl": 0.9019705882352941, "yoy": -0.1723, "latest_report": "2026-03-31"}