{"value_line": 10.637714789915968, "quality_score": 62.32214348739496, "total_share": 305128205.1282051, "eps_excl": 0.2928857394957983, "yoy": 8.6309, "latest_report": "2026-03-31"}