{"value_line": 12.699212623913045, "quality_score": 51.01697463768116, "total_share": 201158849.8961408, "eps_excl": 0.855045652173913, "yoy": -0.0633, "latest_report": "2026-03-31"}