{"value_line": 7.149273220338983, "quality_score": 35.36440677966102, "total_share": 368750000.0, "eps_excl": 0.31457627118644066, "yoy": -0.2373, "latest_report": "2026-03-31"}