{"value_line": 17.561695117056857, "quality_score": 58.5133779264214, "total_share": 226515151.5151515, "eps_excl": 1.2405351170568564, "yoy": -0.21230000000000002, "latest_report": "2026-03-31"}