{"value_line": 6.862793020663637, "quality_score": 24.263965103318185, "total_share": 186608000.0, "eps_excl": 0.17055860413272744, "yoy": -0.8166, "latest_report": "2026-03-31"}