{"value_line": 23.60153504477612, "quality_score": 88.84046019900498, "total_share": 288793103.44827586, "eps_excl": 1.1149850746268657, "yoy": 0.47369999999999995, "latest_report": "2026-03-31"}