{"value_line": 10.353143218083558, "quality_score": 69.20392902260446, "total_share": 226294161.95856872, "eps_excl": 0.26815716090417785, "yoy": 8.5923, "latest_report": "2026-03-31"}