{"value_line": 15.544715294117646, "quality_score": 53.927843137254904, "total_share": 261538461.53846154, "eps_excl": 0.6576470588235294, "yoy": 0.0712, "latest_report": "2026-03-31"}