{"value_line": 4.728354573690555, "quality_score": 22.5, "total_share": 305916943.5215947, "eps_excl": 0.02167091473811101, "yoy": -2.0712, "latest_report": "2026-03-31"}