{"value_line": 10.077292775130223, "quality_score": 31.127649063504375, "total_share": 180460000.0, "eps_excl": 0.4094059625401751, "yoy": -0.08470000000000001, "latest_report": "2026-03-31"}