{"value_line": 9.418951368043501, "quality_score": 53.67368921005438, "total_share": 324332814.93001556, "eps_excl": 0.24694756840217505, "yoy": 1.1536, "latest_report": "2026-03-31"}