{"value_line": 7.76072131701318, "quality_score": 15.0, "total_share": 111446470.58823529, "eps_excl": 0.02214426340263593, "yoy": -1.9322, "latest_report": "2026-03-31"}