{"value_line": 25.430293172205438, "quality_score": 82.74619335347431, "total_share": 239855072.46376812, "eps_excl": 1.2382477341389728, "yoy": 0.3164, "latest_report": "2026-03-31"}