{"value_line": 15.281493333333332, "quality_score": 34.288288288288285, "total_share": 181967213.11475414, "eps_excl": 0.5715315315315314, "yoy": -0.3821, "latest_report": "2026-03-31"}