{"value_line": 10.2222709560983, "quality_score": 71.32765533402196, "total_share": 217504244.03183025, "eps_excl": 0.35310621336087833, "yoy": 0.5186, "latest_report": "2026-03-31"}