{"value_line": 4.216556323174659, "quality_score": 15.0, "total_share": 131961666.66666667, "eps_excl": 0.01531126463493186, "yoy": -1.5113999999999999, "latest_report": "2026-03-31"}