{"value_line": 6.953472580645162, "quality_score": 51.33763440860215, "total_share": 295238095.2380952, "eps_excl": 0.40983870967741937, "yoy": 0.133, "latest_report": "2026-03-31"}