{"value_line": 6.064976910091743, "quality_score": 15.444587155963301, "total_share": 1001838235.2941178, "eps_excl": 0.11778348623853209, "yoy": -0.1977, "latest_report": "2026-03-31"}