{"value_line": 4.407521648695237, "quality_score": 44.42333333333333, "total_share": 382882857.14285713, "eps_excl": 0.02901749136252043, "yoy": 0.4044, "latest_report": "2026-03-31"}