{"value_line": 11.323903078219574, "quality_score": 45.06951539109787, "total_share": 108287705.01911457, "eps_excl": 0.702780615643915, "yoy": -0.9453, "latest_report": "2026-03-31"}