{"value_line": 7.722629916436616, "quality_score": 15.363149582183079, "total_share": 180039493.29359165, "eps_excl": 0.11452598328732312, "yoy": -1.3048, "latest_report": "2026-03-31"}