{"value_line": 11.54442132572653, "quality_score": 43.36173701239332, "total_share": 122328157.89473684, "eps_excl": 0.302669480495733, "yoy": 0.042199999999999994, "latest_report": "2026-03-31"}