{"value_line": 3.269620625, "quality_score": 22.798103124999997, "total_share": 800000000.0, "eps_excl": 0.111924125, "yoy": -0.8598, "latest_report": "2026-03-31"}