{"value_line": 6.555958540260349, "quality_score": 27.329792701301745, "total_share": 199863428.5714286, "eps_excl": 0.2931917080520698, "yoy": -6.4096, "latest_report": "2026-03-31"}