{"value_line": 15.830936392886185, "quality_score": 25.645833333333336, "total_share": 282830000.0, "eps_excl": 0.0832273804051904, "yoy": 0.0825, "latest_report": "2026-03-31"}