{"value_line": 6.421398535120709, "quality_score": 36.398916757652955, "total_share": 239796363.63636366, "eps_excl": 0.20429000363945163, "yoy": -0.035, "latest_report": "2026-03-31"}