{"value_line": 6.660083894080204, "quality_score": 50.68760486760026, "total_share": 465989375.0, "eps_excl": 0.12750419470401017, "yoy": 6.0405, "latest_report": "2026-03-31"}