{"value_line": 12.20254532374101, "quality_score": 41.806384892086335, "total_share": 496428571.4285714, "eps_excl": 0.5257553956834533, "yoy": 0.048499999999999995, "latest_report": "2026-03-31"}