{"value_line": 9.37277935, "quality_score": 23.93921875, "total_share": 893854748.603352, "eps_excl": 0.45756875, "yoy": -0.1864, "latest_report": "2026-03-31"}