{"value_line": 33.69411311366857, "quality_score": 36.07750985714286, "total_share": 100864553.31412104, "eps_excl": 0.9431003942857145, "yoy": -0.4132, "latest_report": "2026-03-31"}