{"value_line": 22.67657404021938, "quality_score": 72.33321755027421, "total_share": 617311815.822142, "eps_excl": 0.6933287020109689, "yoy": 1.9487, "latest_report": "2026-03-31"}