{"value_line": 19.83150611287879, "quality_score": 56.914450757575764, "total_share": 107940142.284733, "eps_excl": 1.1765780303030304, "yoy": -0.1457, "latest_report": "2026-03-31"}