{"value_line": 7.079628617947442, "quality_score": 15.498143089737207, "total_share": 123861666.66666667, "eps_excl": 0.11992572358948826, "yoy": -1.0831, "latest_report": "2026-03-31"}