{"value_line": 9.641522842639594, "quality_score": 30.507614213197968, "total_share": 428260869.5652174, "eps_excl": 0.4203045685279188, "yoy": -3.3824, "latest_report": "2026-03-31"}