{"value_line": 9.480418698630137, "quality_score": 43.68664383561644, "total_share": 211594202.89855075, "eps_excl": 0.6474657534246575, "yoy": -0.4779, "latest_report": "2026-03-31"}