{"value_line": 8.399559512195122, "quality_score": 50.0, "total_share": 215789473.68421054, "eps_excl": 0.0709779756097561, "yoy": 1.3254, "latest_report": "2026-03-31"}