{"value_line": 19.326918865248224, "quality_score": 52.12056737588652, "total_share": 133018867.9245283, "eps_excl": 0.984822695035461, "yoy": -0.21539999999999998, "latest_report": "2026-03-31"}