{"value_line": 6.292892997475865, "quality_score": 15.0, "total_share": 118243076.92307691, "eps_excl": 0.06057859949517292, "yoy": -2.6586000000000003, "latest_report": "2026-03-31"}