{"value_line": 4.019455431586579, "quality_score": 50.0, "total_share": 165513333.33333334, "eps_excl": 0.052972771579328955, "yoy": 2.6142000000000003, "latest_report": "2026-03-31"}