{"value_line": 38.1924856, "quality_score": 88.97749999999999, "total_share": 264550264.55026457, "eps_excl": 1.3608, "yoy": 0.37070000000000003, "latest_report": "2026-03-31"}