{"value_line": 32.448191434223546, "quality_score": 35.510880316518296, "total_share": 639873417.721519, "eps_excl": 0.620435212660732, "yoy": -0.2621, "latest_report": "2026-03-31"}