{"value_line": 47.84968444778362, "quality_score": 92.5, "total_share": 627830188.6792452, "eps_excl": 1.9909842223891812, "yoy": 6.1227, "latest_report": "2026-03-31"}