{"value_line": 16.637618924731182, "quality_score": 70.67202365591397, "total_share": 261971830.9859155, "eps_excl": 0.3268809462365591, "yoy": 5.478899999999999, "latest_report": "2026-03-31"}