{"value_line": 8.067886845355389, "quality_score": 46.38546409963714, "total_share": 134407714.28571433, "eps_excl": 0.3376852306521521, "yoy": 0.2076, "latest_report": "2026-03-31"}