{"value_line": 12.469905911949686, "quality_score": 41.72012578616352, "total_share": 836842105.2631578, "eps_excl": 0.5688050314465409, "yoy": -0.10339999999999999, "latest_report": "2026-03-31"}