{"value_line": 10.531148541249525, "quality_score": 50.0, "total_share": 174009954.7511312, "eps_excl": 0.08326535123075084, "yoy": 0.7428, "latest_report": "2026-03-31"}