{"value_line": 5.209451363077697, "quality_score": 65.0, "total_share": 337655000.0, "eps_excl": 0.057472568153884886, "yoy": 2.9414999999999996, "latest_report": "2026-03-31"}