{"value_line": 11.817775270072993, "quality_score": 46.97481751824817, "total_share": 776643990.9297053, "eps_excl": 0.778992700729927, "yoy": -0.1954, "latest_report": "2026-03-31"}