{"value_line": 29.916364808727415, "quality_score": 72.08916666666667, "total_share": 1265631842.7327137, "eps_excl": 1.9160390234525184, "yoy": 0.1501, "latest_report": "2026-03-31"}