{"value_line": 21.861146942038218, "quality_score": 58.947948513800426, "total_share": 197099993.72293013, "eps_excl": 0.9690512738853503, "yoy": 0.023799999999999998, "latest_report": "2026-03-31"}