{"value_line": 4.961733195554953, "quality_score": 15.0, "total_share": 191662337.66233766, "eps_excl": 0.07834663911099064, "yoy": -0.6446, "latest_report": "2026-03-31"}