{"value_line": 19.933843423008852, "quality_score": 67.28344395280236, "total_share": 298310454.06546986, "eps_excl": 1.1431044247787612, "yoy": 0.09210000000000002, "latest_report": "2026-03-31"}