{"value_line": 21.192264560592967, "quality_score": 44.91929505339964, "total_share": 164386866.20504802, "eps_excl": 0.21503846880265232, "yoy": 0.3636, "latest_report": "2026-03-31"}