{"value_line": 7.376439040133882, "quality_score": 45.6326946990196, "total_share": 725565514.2979087, "eps_excl": 0.11244112129411765, "yoy": 0.41979999999999995, "latest_report": "2026-03-31"}