{"value_line": 11.68327051103679, "quality_score": 34.70249163879599, "total_share": 447203110.97816336, "eps_excl": 0.5880996655518395, "yoy": -0.3754, "latest_report": "2026-03-31"}