{"value_line": 8.42306270939795, "quality_score": 50.378828386747436, "total_share": 492483333.3333334, "eps_excl": 0.11515313546989744, "yoy": 26.613699999999998, "latest_report": "2026-03-31"}