{"value_line": 16.23611614814815, "quality_score": 35.58518518518519, "total_share": 421875000.0, "eps_excl": 0.6234074074074074, "yoy": -0.2852, "latest_report": "2026-03-31"}