{"value_line": 12.71882056169989, "quality_score": 61.211025702124864, "total_share": 135224444.44444445, "eps_excl": 0.2484410280849945, "yoy": 1.0629, "latest_report": "2026-03-31"}