{"value_line": 7.252040816326531, "quality_score": 52.87755102040816, "total_share": 474193548.38709676, "eps_excl": 0.21510204081632653, "yoy": 4.7161, "latest_report": "2026-03-31"}