{"value_line": 8.934438040345821, "quality_score": 22.422190201729105, "total_share": 788636363.6363636, "eps_excl": 0.3968876080691643, "yoy": -0.9903, "latest_report": "2026-03-31"}