{"value_line": 20.065819209039546, "quality_score": 76.51977401129943, "total_share": 249647390.69111425, "eps_excl": 0.5607909604519774, "yoy": 5.610499999999999, "latest_report": "2026-03-31"}