{"value_line": 15.428226203749999, "quality_score": 38.79753125, "total_share": 227423481.47446227, "eps_excl": 0.7519012499999999, "yoy": -0.1597, "latest_report": "2026-03-31"}