{"value_line": 9.236704311130143, "quality_score": 51.59095647712018, "total_share": 291304736.84210527, "eps_excl": 0.1636382590848072, "yoy": 0.6663, "latest_report": "2026-03-31"}