{"value_line": 18.03849315068493, "quality_score": 76.13561643835617, "total_share": 579365079.3650794, "eps_excl": 0.5454246575342465, "yoy": 1.6066, "latest_report": "2026-03-31"}