{"value_line": 6.968935392890206, "quality_score": 24.20166353151402, "total_share": 416279098.110908, "eps_excl": 0.14613320792722737, "yoy": -0.0906, "latest_report": "2026-03-31"}