{"value_line": 16.226088000101527, "quality_score": 52.86326636335174, "total_share": 122546240.85163008, "eps_excl": 0.4752973212007362, "yoy": 0.1311, "latest_report": "2026-03-31"}