{"value_line": 2.744724968260358, "quality_score": 15.0, "total_share": 311267469.87951803, "eps_excl": 0.026944993652071595, "yoy": -0.7189, "latest_report": "2026-03-31"}