{"value_line": 13.441260070760709, "quality_score": 55.476575088450886, "total_share": 254643437.5, "eps_excl": 0.3190630035380354, "yoy": 1.5197, "latest_report": "2026-03-31"}