{"value_line": 12.892949367088606, "quality_score": 56.315073839662446, "total_share": 232352941.17647058, "eps_excl": 0.6455696202531646, "yoy": 0.1173, "latest_report": "2026-03-31"}