{"value_line": 25.867433401260502, "quality_score": 85.25438025210084, "total_share": 311396048.6719875, "eps_excl": 1.4932752100840336, "yoy": 0.2501, "latest_report": "2026-03-31"}