{"value_line": 6.979026093063835, "quality_score": 22.22124897312344, "total_share": 179152391.3043478, "eps_excl": 0.3888499589249376, "yoy": -0.4962, "latest_report": "2026-03-31"}