{"value_line": 9.447931034482759, "quality_score": 24.18965517241379, "total_share": 241666666.66666666, "eps_excl": 0.46758620689655167, "yoy": -0.619, "latest_report": "2026-03-31"}