{"value_line": 2.7061215183732283, "quality_score": 15.0, "total_share": 356885714.28571427, "eps_excl": 0.046029861500280204, "yoy": -0.2046, "latest_report": "2026-03-31"}