{"value_line": 11.759111882352942, "quality_score": 29.479411764705883, "total_share": 772727272.7272727, "eps_excl": 0.3791764705882353, "yoy": -0.1563, "latest_report": "2026-03-31"}