{"value_line": 4.312106629345484, "quality_score": 23.760533146727422, "total_share": 400470476.1904761, "eps_excl": 0.15042132586909684, "yoy": -3.4012000000000002, "latest_report": "2026-03-31"}