{"value_line": 8.192491349480969, "quality_score": 28.612456747404845, "total_share": 760526315.7894737, "eps_excl": 0.3444982698961938, "yoy": -0.8220000000000001, "latest_report": "2026-03-31"}