{"value_line": 41.696643130193905, "quality_score": 50.0, "total_share": 278764478.7644788, "eps_excl": 2.5003185595567863, "yoy": -0.4842, "latest_report": "2026-03-31"}