{"value_line": 93.51409504332595, "quality_score": 57.9375, "total_share": 1211669918.2390873, "eps_excl": 6.659404412487709, "yoy": -0.0925, "latest_report": "2026-03-31"}