{"value_line": 15.084066585365855, "quality_score": 61.30461382113822, "total_share": 372727272.7272727, "eps_excl": 0.6519512195121953, "yoy": 0.20010000000000003, "latest_report": "2026-03-31"}