{"value_line": 6.582294648972814, "quality_score": 25.41147324486407, "total_share": 225481111.1111111, "eps_excl": 0.21645892979456274, "yoy": -0.5064, "latest_report": "2026-03-31"}