{"value_line": 18.89278936830588, "quality_score": 66.85348671038236, "total_share": 158062352.94117647, "eps_excl": 0.47413946841529403, "yoy": 41.352700000000006, "latest_report": "2026-03-31"}