{"value_line": 72.95752770347725, "quality_score": 57.5, "total_share": 348005319.1489362, "eps_excl": 6.781505540695452, "yoy": -0.7070000000000001, "latest_report": "2026-03-31"}