{"value_line": 4.741513114427217, "quality_score": 49.73583333333333, "total_share": 285475384.6153846, "eps_excl": 0.09009533355967644, "yoy": 0.3669, "latest_report": "2026-03-31"}