{"value_line": 19.21099506189904, "quality_score": 57.83241286057692, "total_share": 1762151858.5195382, "eps_excl": 0.8727965144230769, "yoy": 0.1745, "latest_report": "2026-03-31"}