{"value_line": 4.068885863362421, "quality_score": 27.28123598774753, "total_share": 192614166.6666667, "eps_excl": 0.10714943950990104, "yoy": -0.021099999999999997, "latest_report": "2026-03-31"}