{"value_line": 11.370756113770769, "quality_score": 40.82892143058294, "total_share": 101926851.85185185, "eps_excl": 0.5331568572233174, "yoy": -0.21960000000000002, "latest_report": "2026-03-31"}