{"value_line": 6.03259705248023, "quality_score": 33.26298526240115, "total_share": 127177142.85714285, "eps_excl": 0.23051941049604602, "yoy": -1.4602000000000002, "latest_report": "2026-03-31"}