{"value_line": 7.479219423076923, "quality_score": 61.79679487179487, "total_share": 378824672.1709568, "eps_excl": 0.2903717948717949, "yoy": 0.3635, "latest_report": "2026-03-31"}