{"value_line": 4.706500606306754, "quality_score": 35.08839094116363, "total_share": 274943333.3333334, "eps_excl": 0.3035356376465453, "yoy": -0.25329999999999997, "latest_report": "2026-03-31"}