{"value_line": 13.963213367609253, "quality_score": 36.01606683804627, "total_share": 547887323.943662, "eps_excl": 0.6406426735218508, "yoy": -0.9758, "latest_report": "2026-03-31"}