{"value_line": 30.867055394990363, "quality_score": 60.08416666666667, "total_share": 271727748.6910995, "eps_excl": 1.7480732177263967, "yoy": -0.0557, "latest_report": "2026-03-31"}