{"value_line": 8.277402646597665, "quality_score": 37.490188711031976, "total_share": 249190117.03511053, "eps_excl": 0.2962408817746124, "yoy": -0.0557, "latest_report": "2026-03-31"}