{"value_line": 9.400314813333335, "quality_score": 43.824866666666665, "total_share": 150000000.0, "eps_excl": 0.6529946666666666, "yoy": -0.2465, "latest_report": "2026-03-31"}