{"value_line": 18.78658169727676, "quality_score": 33.93290848638379, "total_share": 56511578.94736842, "eps_excl": 0.8573163394553515, "yoy": -0.5127, "latest_report": "2026-03-31"}