{"value_line": 27.85115936084788, "quality_score": 74.9799812967581, "total_share": 411662047.01776, "eps_excl": 0.7991992518703241, "yoy": 0.9033, "latest_report": "2026-03-31"}