{"value_line": 298.8382850708439, "quality_score": 100, "total_share": 4473420074.3494425, "eps_excl": 14.4202866996302, "yoy": 0.5295000000000001, "latest_report": "2026-03-31"}