{"value_line": 5.917259105578609, "quality_score": 28.18629552789304, "total_share": 178623529.41176468, "eps_excl": 0.32745182111572163, "yoy": -2.032, "latest_report": "2026-03-31"}