{"value_line": 16.64662030769231, "quality_score": 35.43076923076923, "total_share": 191176470.5882353, "eps_excl": 0.6172307692307692, "yoy": -0.2164, "latest_report": "2026-03-31"}