{"value_line": 7.1257994569717855, "quality_score": 27.178997284858927, "total_share": 275665238.6780906, "eps_excl": 0.28715989139435705, "yoy": -0.5867, "latest_report": "2026-03-31"}