{"value_line": 6.714780437956204, "quality_score": 41.545851581508515, "total_share": 297826086.95652175, "eps_excl": 0.3727007299270073, "yoy": 0.2382, "latest_report": "2026-03-31"}