{"value_line": 10.028687018445806, "quality_score": 22.919811055276988, "total_share": 236414571.42857143, "eps_excl": 0.1720257755444129, "yoy": 0.0049, "latest_report": "2026-03-31"}