{"value_line": 13.645019305019305, "quality_score": 27.02509652509653, "total_share": 340789473.68421054, "eps_excl": 0.581003861003861, "yoy": -1.4031, "latest_report": "2026-03-31"}