{"value_line": 10.572372106024654, "quality_score": 51.39014135655999, "total_share": 345580000.0, "eps_excl": 0.21370565426239946, "yoy": 0.47509999999999997, "latest_report": "2026-03-31"}