{"value_line": 15.806677111269224, "quality_score": 60.80834638908653, "total_share": 194890666.6666667, "eps_excl": 0.2323338555634612, "yoy": 1.0998999999999999, "latest_report": "2026-03-31"}