{"value_line": 9.11760928888889, "quality_score": 58.73451161111111, "total_share": 562109646.0791117, "eps_excl": 0.14938046444444444, "yoy": 11.5695, "latest_report": "2026-03-31"}