{"value_line": 7.11134463593617, "quality_score": 30.67112578497028, "total_share": 176753474.3202417, "eps_excl": 0.12684503139881106, "yoy": -0.39189999999999997, "latest_report": "2026-03-31"}