{"value_line": 4.449024390243903, "quality_score": 34.295121951219514, "total_share": 732142857.142857, "eps_excl": 0.27180487804878056, "yoy": -0.5540999999999999, "latest_report": "2026-03-31"}