{"value_line": 6.096084907224552, "quality_score": 25.930424536122757, "total_share": 313442568.68586564, "eps_excl": 0.23721698144491027, "yoy": -2.4943, "latest_report": "2026-03-31"}