{"value_line": 14.706954545454547, "quality_score": 52.32068181818182, "total_share": 297647058.82352936, "eps_excl": 0.7727272727272727, "yoy": 0.1229, "latest_report": "2026-03-31"}