{"value_line": 31.424172274562583, "quality_score": 57.5, "total_share": 395212765.9574468, "eps_excl": 1.7408344549125168, "yoy": -0.6799, "latest_report": "2026-03-31"}