{"value_line": 32.32093260869565, "quality_score": 51.36778985507246, "total_share": 209090909.0909091, "eps_excl": 0.6934782608695652, "yoy": 0.2691, "latest_report": "2026-03-31"}