{"value_line": 12.749730309053353, "quality_score": 18.34865154526677, "total_share": 183278571.4285714, "eps_excl": 0.2339460618106707, "yoy": -1.5884, "latest_report": "2026-03-31"}