{"value_line": 34.62672131147541, "quality_score": 57.5, "total_share": 105172413.79310346, "eps_excl": 2.139344262295082, "yoy": -1.3281, "latest_report": "2026-03-31"}