{"value_line": 8.18755904, "quality_score": 23.151247524752478, "total_share": 252500000.0, "eps_excl": 0.12604990099009902, "yoy": -0.2324, "latest_report": "2026-03-31"}