{"value_line": 7.780187048095865, "quality_score": 15.084249606303658, "total_share": 136282307.69230768, "eps_excl": 0.10336998425214629, "yoy": -0.2259, "latest_report": "2026-03-31"}