{"value_line": 17.6816425, "quality_score": 59.69547619047619, "total_share": 164705882.3529412, "eps_excl": 0.6617857142857143, "yoy": 0.16829999999999998, "latest_report": "2026-03-31"}