{"value_line": 8.9165405, "quality_score": 34.31166666666667, "total_share": 294954721.8628719, "eps_excl": 0.3865, "yoy": -0.0203, "latest_report": "2026-03-31"}