{"value_line": 80.91580756013745, "quality_score": 100, "total_share": 344378698.2248521, "eps_excl": 3.2957903780068727, "yoy": 3.5393, "latest_report": "2026-03-31"}