{"value_line": 7.7177543615562865, "quality_score": 39.667500000000004, "total_share": 117752857.14285713, "eps_excl": 0.08940420008007086, "yoy": 0.1943, "latest_report": "2026-03-31"}