{"value_line": 4.288491445828963, "quality_score": 57.5, "total_share": 433765000.0, "eps_excl": 0.04020425806600348, "yoy": 0.5135000000000001, "latest_report": "2026-03-31"}