{"value_line": 5.808470530129426, "quality_score": 17.12942170766649, "total_share": 162988500.0, "eps_excl": 0.18517686830665966, "yoy": -0.423, "latest_report": "2026-03-31"}