{"value_line": 12.605430672268907, "quality_score": 28.20378151260504, "total_share": 183076923.07692307, "eps_excl": 0.6281512605042017, "yoy": -0.2525, "latest_report": "2026-03-31"}