{"value_line": 31.939422812500002, "quality_score": 61.866770833333334, "total_share": 581818181.8181818, "eps_excl": 1.2134375000000002, "yoy": -0.030899999999999997, "latest_report": "2026-03-31"}