{"value_line": 15.432612893155525, "quality_score": 46.17510102320493, "total_share": 92113684.59905878, "eps_excl": 1.0470040409281973, "yoy": -0.18600000000000003, "latest_report": "2026-03-31"}