{"value_line": 17.934158609167966, "quality_score": 25.926353876260094, "total_share": 100386710.5263158, "eps_excl": 0.5370541550504038, "yoy": -0.2898, "latest_report": "2026-03-31"}