{"value_line": 19.291333141854597, "quality_score": 69.06416642731824, "total_share": 115591600.00000001, "eps_excl": 0.26256665709272986, "yoy": 37.4955, "latest_report": "2026-03-31"}