{"value_line": 11.213760354277404, "quality_score": 52.254700442846755, "total_share": 130102307.69230768, "eps_excl": 0.19018801771387017, "yoy": 3.2929000000000004, "latest_report": "2026-03-31"}