{"value_line": 7.249974098360656, "quality_score": 22.104508196721312, "total_share": 283720930.23255813, "eps_excl": 0.38418032786885253, "yoy": -0.2868, "latest_report": "2026-03-31"}