{"value_line": 16.912355075593958, "quality_score": 57.425692944564446, "total_share": 503260869.5652174, "eps_excl": 0.8901943844492443, "yoy": 0.0315, "latest_report": "2026-03-31"}