{"value_line": 5.069350625624606, "quality_score": 57.53668828203076, "total_share": 320027496.38205504, "eps_excl": 0.10146753128123033, "yoy": 3.3641, "latest_report": "2026-03-31"}