{"value_line": 19.332152476981133, "quality_score": 43.840150943396225, "total_share": 228605935.12767425, "eps_excl": 0.9536060377358492, "yoy": -0.43560000000000004, "latest_report": "2026-03-31"}