{"value_line": 5.693438596491228, "quality_score": 32.82964912280702, "total_share": 325714285.7142857, "eps_excl": 0.33771929824561414, "yoy": -0.0248, "latest_report": "2026-03-31"}