{"value_line": 53.091913834237026, "quality_score": 57.5, "total_share": 301635514.0186916, "eps_excl": 3.6434701781564676, "yoy": -0.25670000000000004, "latest_report": "2026-03-31"}