{"value_line": 17.8005557615894, "quality_score": 48.811274834437086, "total_share": 157291666.6666667, "eps_excl": 0.8773509933774833, "yoy": 0.0179, "latest_report": "2026-03-31"}