{"value_line": 8.94170633518736, "quality_score": 50.0, "total_share": 121717000.0, "eps_excl": 0.02158531675936804, "yoy": 1.6108000000000002, "latest_report": "2026-03-31"}