{"value_line": 29.390973605813954, "quality_score": 43.93485465116279, "total_share": 126451992.35406557, "eps_excl": 1.2573941860465117, "yoy": -0.2261, "latest_report": "2026-03-31"}