{"value_line": 10.15596727767921, "quality_score": 36.16126548520495, "total_share": 155586458.33333334, "eps_excl": 0.4807172860748646, "yoy": 0.09960000000000001, "latest_report": "2026-03-31"}