{"value_line": 8.377839195926235, "quality_score": 29.099702049875496, "total_share": 147852368.42105263, "eps_excl": 0.3639880819950199, "yoy": -0.322, "latest_report": "2026-03-31"}