{"value_line": 27.05992388104839, "quality_score": 76.67873991935485, "total_share": 271483305.9660646, "eps_excl": 0.9024495967741937, "yoy": 0.3563, "latest_report": "2026-03-31"}