{"value_line": 40.9435386797066, "quality_score": 79.48583333333333, "total_share": 384037558.685446, "eps_excl": 1.8539853300733495, "yoy": 0.27690000000000003, "latest_report": "2026-03-31"}