{"value_line": 24.7306377875, "quality_score": 57.5, "total_share": 109982704.33278637, "eps_excl": 1.536605241935484, "yoy": -0.12269999999999999, "latest_report": "2026-03-31"}