{"value_line": 22.9627075, "quality_score": 46.64520833333333, "total_share": 145454545.45454547, "eps_excl": 0.7768749999999999, "yoy": 0.1524, "latest_report": "2026-03-31"}