{"value_line": 26.40618494623656, "quality_score": 63.08801075268817, "total_share": 398571428.5714286, "eps_excl": 1.4150537634408602, "yoy": 0.0322, "latest_report": "2026-03-31"}