{"value_line": 6.114302805479276, "quality_score": 15.07151402739638, "total_share": 143702307.69230768, "eps_excl": 0.10286056109585523, "yoy": -0.5542, "latest_report": "2026-03-31"}