{"value_line": 13.638831463114755, "quality_score": 63.246263661202185, "total_share": 456757768.62598276, "eps_excl": 0.7772172131147541, "yoy": 0.1797, "latest_report": "2026-03-31"}