{"value_line": 18.39740243, "quality_score": 44.383250000000004, "total_share": 116666666.66666667, "eps_excl": 0.78843, "yoy": -0.0199, "latest_report": "2026-03-31"}