{"value_line": 8.077946313425347, "quality_score": 28.8698951053721, "total_share": 195143514.03678605, "eps_excl": 0.35479580421488394, "yoy": -0.2734, "latest_report": "2026-03-31"}