{"value_line": 6.52730947856244, "quality_score": 56.17333706962479, "total_share": 249431345.98012644, "eps_excl": 0.19766681611832518, "yoy": 0.4354, "latest_report": "2026-03-31"}