{"value_line": 8.377284350415184, "quality_score": 47.73774705097502, "total_share": 216851333.33333334, "eps_excl": 0.28280988203900065, "yoy": 0.25429999999999997, "latest_report": "2026-03-31"}