{"value_line": 22.616770969447916, "quality_score": 57.84455074828816, "total_share": 78737138.59663656, "eps_excl": 0.9260153632648596, "yoy": 0.1519, "latest_report": "2026-03-31"}