{"value_line": 8.271971284047126, "quality_score": 41.45655663725506, "total_share": 281032812.5, "eps_excl": 0.28759559882353597, "yoy": 0.016, "latest_report": "2026-03-31"}