{"value_line": 27.92941626794258, "quality_score": 81.02444178628389, "total_share": 288275862.06896555, "eps_excl": 1.4153110047846889, "yoy": 0.21100000000000002, "latest_report": "2026-03-31"}