{"value_line": 17.88155650224215, "quality_score": 35.37219730941704, "total_share": 220792079.2079208, "eps_excl": 0.9148878923766817, "yoy": -0.3145, "latest_report": "2026-03-31"}