{"value_line": 12.648578889576067, "quality_score": 29.692894447880327, "total_share": 167004294.61026412, "eps_excl": 0.3877157779152132, "yoy": -4.9962, "latest_report": "2026-03-31"}