{"value_line": 4.321422014083293, "quality_score": 22.5, "total_share": 309770992.3664122, "eps_excl": 0.03719489650073928, "yoy": -0.2165, "latest_report": "2026-03-31"}