{"value_line": 10.79884552229588, "quality_score": 66.16543143794348, "total_share": 182152500.0, "eps_excl": 0.14661725751773927, "yoy": 0.527, "latest_report": "2026-03-31"}