{"value_line": 6.369497734902387, "quality_score": 57.5, "total_share": 464235384.61538464, "eps_excl": 0.06097488674511935, "yoy": 4.7004, "latest_report": "2026-03-31"}