{"value_line": 71.64709557622788, "quality_score": 85.06083333333333, "total_share": 533375248.8735199, "eps_excl": 4.085303929273084, "yoy": 0.2439, "latest_report": "2026-03-31"}