{"value_line": 9.392948959760625, "quality_score": 23.23626452344772, "total_share": 236542777.77777782, "eps_excl": 0.1294505809379088, "yoy": -0.4647, "latest_report": "2026-03-31"}