{"value_line": 18.50723082715367, "quality_score": 55.99428447241356, "total_share": 77305332.35938641, "eps_excl": 0.37927137889654255, "yoy": 0.35450000000000004, "latest_report": "2026-03-31"}