{"value_line": 18.548896103896105, "quality_score": 80.51948051948051, "total_share": 312162162.1621622, "eps_excl": 0.7207792207792207, "yoy": 0.501, "latest_report": "2026-03-31"}