{"value_line": 6.8315892627173955, "quality_score": 28.29539743067227, "total_share": 264974393.23090625, "eps_excl": 0.3129158972268908, "yoy": -0.0919, "latest_report": "2026-03-31"}