{"value_line": 16.00757067232974, "quality_score": 44.690057134575106, "total_share": 140469076.92307693, "eps_excl": 0.6366689520496709, "yoy": 0.0504, "latest_report": "2026-03-31"}