{"value_line": 13.458172499082215, "quality_score": 26.96348513559115, "total_share": 99878148.14814813, "eps_excl": 0.2785394054236459, "yoy": -0.4011, "latest_report": "2026-03-31"}