{"value_line": 16.349929999254233, "quality_score": 54.44277326173963, "total_share": 100567499.99999999, "eps_excl": 0.5489109304695852, "yoy": 0.2552, "latest_report": "2026-03-31"}