{"value_line": 22.3681342367571, "quality_score": 28.690671183785504, "total_share": 60000831.80835136, "eps_excl": 0.34762684735142024, "yoy": -4.3741, "latest_report": "2026-03-31"}