{"value_line": 17.352638888888887, "quality_score": 31.163194444444443, "total_share": 167441860.4651163, "eps_excl": 0.7465277777777777, "yoy": -1.4111000000000002, "latest_report": "2026-03-31"}