{"value_line": 7.140554220133742, "quality_score": 29.352771100668715, "total_share": 222655935.6136821, "eps_excl": 0.3741108440267486, "yoy": -0.7564, "latest_report": "2026-03-31"}