{"value_line": 24.164737836980656, "quality_score": 48.740237868696475, "total_share": 5436206896.551724, "eps_excl": 0.5233428480811925, "yoy": 0.1684, "latest_report": "2026-03-31"}