{"value_line": 12.47925973843161, "quality_score": 57.5, "total_share": 172961176.47058824, "eps_excl": 0.05659015624043478, "yoy": 0.6951, "latest_report": "2026-03-31"}