{"value_line": 9.857435625, "quality_score": 19.1171875, "total_share": 457142857.1428571, "eps_excl": 0.2646875, "yoy": -0.1698, "latest_report": "2026-03-31"}