{"value_line": 52.807437109125715, "quality_score": 92.5, "total_share": 949696969.6969697, "eps_excl": 1.5257498404594767, "yoy": 0.9687, "latest_report": "2026-03-31"}