{"value_line": 26.873422924901192, "quality_score": 61.18050065876153, "total_share": 169798657.71812078, "eps_excl": 1.4605533596837947, "yoy": -0.02, "latest_report": "2026-03-31"}