{"value_line": 16.317697899689826, "quality_score": 26.87634352947672, "total_share": 118950447.76119402, "eps_excl": 0.5750537411790687, "yoy": -0.2596, "latest_report": "2026-03-31"}