{"value_line": 7.909112804878049, "quality_score": 27.210365853658537, "total_share": 381395348.8372093, "eps_excl": 0.2884146341463415, "yoy": -0.1335, "latest_report": "2026-03-31"}