{"value_line": 8.647987979712036, "quality_score": 65.03865276963194, "total_share": 315800869.5652174, "eps_excl": 0.21261277745194412, "yoy": 0.4524, "latest_report": "2026-03-31"}