{"value_line": 7.569342565346356, "quality_score": 33.99671282673178, "total_share": 156307124.40014768, "eps_excl": 0.25986851306927133, "yoy": -0.9748, "latest_report": "2026-03-31"}