{"value_line": 9.071981744966443, "quality_score": 31.436241610738254, "total_share": 310416666.6666667, "eps_excl": 0.45744966442953017, "yoy": -0.1492, "latest_report": "2026-03-31"}