{"value_line": 8.317027027027027, "quality_score": 42.63513513513514, "total_share": 231250000.0, "eps_excl": 0.6054054054054054, "yoy": -0.6286999999999999, "latest_report": "2026-03-31"}