{"value_line": 28.014374805113814, "quality_score": 57.5, "total_share": 1166181818.1818182, "eps_excl": 2.7928749610227626, "yoy": -0.5176, "latest_report": "2026-03-31"}