{"value_line": 9.266007352546557, "quality_score": 15.0, "total_share": 149064000.0, "eps_excl": 0.037201470509311434, "yoy": -5.181900000000001, "latest_report": "2026-03-31"}