{"value_line": 25.344406836492887, "quality_score": 65.0, "total_share": 428426395.9390863, "eps_excl": 1.967665876777251, "yoy": -0.1353, "latest_report": "2026-03-31"}