{"value_line": 86.06518518518519, "quality_score": 100, "total_share": 168750000.0, "eps_excl": 2.9392592592592592, "yoy": 3.1425, "latest_report": "2026-03-31"}