{"value_line": 21.519460927152316, "quality_score": 69.35041942604856, "total_share": 177647058.82352942, "eps_excl": 0.8274834437086093, "yoy": 0.26280000000000003, "latest_report": "2026-03-31"}