{"value_line": 8.231008792703381, "quality_score": 34.105043963516906, "total_share": 150907540.98360655, "eps_excl": 0.5642017585406763, "yoy": -0.7905, "latest_report": "2026-03-31"}