{"value_line": 12.716601236545308, "quality_score": 48.006844734723686, "total_share": 120497000.0, "eps_excl": 0.36387378938894743, "yoy": 0.0956, "latest_report": "2026-03-31"}