{"value_line": 17.89764047091837, "quality_score": 67.02338010204082, "total_share": 229212957.5488247, "eps_excl": 0.8158352040816327, "yoy": 0.2279, "latest_report": "2026-03-31"}