{"value_line": 6.326111549295774, "quality_score": 29.21830985915493, "total_share": 417647058.82352936, "eps_excl": 0.3687323943661972, "yoy": -0.3556, "latest_report": "2026-03-31"}