{"value_line": 6.58744562742781, "quality_score": 25.76720396105517, "total_share": 207189655.1724138, "eps_excl": 0.23068815844220686, "yoy": -0.31620000000000004, "latest_report": "2026-03-31"}