{"value_line": 4.870580697020741, "quality_score": 15.0, "total_share": 217018888.8888889, "eps_excl": 0.05811613940414813, "yoy": -29.8652, "latest_report": "2026-03-31"}