{"value_line": 12.514468252427186, "quality_score": 35.272341262135924, "total_share": 145070422.53521127, "eps_excl": 0.6108936504854369, "yoy": -0.9215000000000001, "latest_report": "2026-03-31"}