{"value_line": 9.651382056082811, "quality_score": 22.956910280414057, "total_share": 92934000.0, "eps_excl": 0.1182764112165623, "yoy": -1.4240000000000002, "latest_report": "2026-03-31"}