{"value_line": 12.535913725490197, "quality_score": 33.52956862745098, "total_share": 159375000.0, "eps_excl": 0.5411827450980392, "yoy": -0.9220999999999999, "latest_report": "2026-03-31"}