{"value_line": 18.961405318400224, "quality_score": 59.61080203865778, "total_share": 79997210.59972106, "eps_excl": 0.537698748212978, "yoy": 0.3486, "latest_report": "2026-03-31"}