{"value_line": 54.61342730496453, "quality_score": 88.73583333333333, "total_share": 131775700.93457943, "eps_excl": 2.0868794326241136, "yoy": 0.3069, "latest_report": "2026-03-31"}