{"value_line": 9.295490770545854, "quality_score": 25.961981519925104, "total_share": 153543750.0, "eps_excl": 0.2384792607970041, "yoy": -0.31420000000000003, "latest_report": "2026-03-31"}