{"value_line": 6.465827914033255, "quality_score": 15.0, "total_share": 218611666.6666667, "eps_excl": 0.04316558280665106, "yoy": -3.302, "latest_report": "2026-03-31"}