{"value_line": 16.51448253661677, "quality_score": 62.75560317077096, "total_share": 134335135.13513514, "eps_excl": 0.31022412683083855, "yoy": 2.1574, "latest_report": "2026-03-31"}