{"value_line": 6.1879727437284995, "quality_score": 36.43986371864249, "total_share": 142590540.54054055, "eps_excl": 0.35759454874569974, "yoy": -3.1077, "latest_report": "2026-03-31"}