{"value_line": 10.187389052330449, "quality_score": 49.70099626109192, "total_share": 83573435.50446999, "eps_excl": 0.2197731837770103, "yoy": 0.1864, "latest_report": "2026-03-31"}