{"value_line": 22.20066575549401, "quality_score": 71.23833219436752, "total_share": 100492771.08433735, "eps_excl": 0.6495332877747005, "yoy": 6.760700000000001, "latest_report": "2026-03-31"}