{"value_line": 16.48647099607118, "quality_score": 22.082354980355905, "total_share": 78672727.27272727, "eps_excl": 0.38329419921423624, "yoy": -0.6275, "latest_report": "2026-03-31"}