{"value_line": 11.544778394346757, "quality_score": 31.583830832277727, "total_share": 96006020.46959661, "eps_excl": 0.46335323329110917, "yoy": -0.32130000000000003, "latest_report": "2026-03-31"}