{"value_line": 25.302569401197605, "quality_score": 55.13975548902195, "total_share": 112080536.91275167, "eps_excl": 1.3115568862275448, "yoy": -0.059699999999999996, "latest_report": "2026-03-31"}