{"value_line": 12.11581552456819, "quality_score": 47.343066362613826, "total_share": 111898275.86206897, "eps_excl": 0.21172265450455308, "yoy": 0.278, "latest_report": "2026-03-31"}