{"value_line": 8.418024313525482, "quality_score": 49.072798212127, "total_share": 196954887.21804512, "eps_excl": 0.1791785951517465, "yoy": 0.32159999999999994, "latest_report": "2026-03-31"}