{"value_line": 5.486052598792316, "quality_score": 30.230262993961578, "total_share": 257990714.28571427, "eps_excl": 0.10921051975846309, "yoy": -0.9879000000000001, "latest_report": "2026-03-31"}