{"value_line": 12.226078203685766, "quality_score": 55.373553660997025, "total_share": 83103500.0, "eps_excl": 0.17360881310654785, "yoy": 0.43200000000000005, "latest_report": "2026-03-31"}