{"value_line": 54.657870091838106, "quality_score": 69.81219061824325, "total_share": 121850815.08315496, "eps_excl": 0.5924876247297297, "yoy": 0.8173999999999999, "latest_report": "2026-03-31"}