{"value_line": 8.745260085836911, "quality_score": 41.93420243204578, "total_share": 506521739.13043475, "eps_excl": 0.43433476394849796, "yoy": -0.0387, "latest_report": "2026-03-31"}