{"value_line": 5.46539216650601, "quality_score": 50.0, "total_share": 177841399.4169096, "eps_excl": 0.0377696083253005, "yoy": 1.5968, "latest_report": "2026-03-31"}