{"value_line": 6.211906261917903, "quality_score": 27.624520361893012, "total_share": 231007500.0, "eps_excl": 0.15091414780905382, "yoy": 0.0946, "latest_report": "2026-03-31"}