{"value_line": 17.404519537437235, "quality_score": 31.322597687186168, "total_share": 102403400.0, "eps_excl": 0.4529039074874467, "yoy": -0.6368, "latest_report": "2026-03-31"}