{"value_line": 5.065671353767634, "quality_score": 15.0, "total_share": 216996250.0, "eps_excl": 0.06313427075352684, "yoy": -0.6528, "latest_report": "2026-03-31"}