{"value_line": 6.4358538952037705, "quality_score": 50.0, "total_share": 192373333.33333334, "eps_excl": 0.09429269476018852, "yoy": 2.2756, "latest_report": "2026-03-31"}