{"value_line": 14.233364055299537, "quality_score": 39.316820276497694, "total_share": 267901234.56790122, "eps_excl": 0.7726728110599077, "yoy": -0.5256000000000001, "latest_report": "2026-03-31"}