{"value_line": 10.026167803214953, "quality_score": 53.05234517133957, "total_share": 243181818.1818182, "eps_excl": 0.4070271401869159, "yoy": 0.1636, "latest_report": "2026-03-31"}