{"value_line": 17.36644372470588, "quality_score": 45.37721323529412, "total_share": 97142857.14285713, "eps_excl": 1.0150885294117649, "yoy": -0.4536, "latest_report": "2026-03-31"}