{"value_line": 12.647686940137149, "quality_score": 35.888434700685735, "total_share": 137566572.23796034, "eps_excl": 0.6355373880274295, "yoy": -0.6292, "latest_report": "2026-03-31"}