{"value_line": 6.058299839432117, "quality_score": 25.700581271484836, "total_share": 223070672.87346593, "eps_excl": 0.22802325085939337, "yoy": -0.1061, "latest_report": "2026-03-31"}