{"value_line": 15.321463414634147, "quality_score": 34.707317073170735, "total_share": 244776119.40298507, "eps_excl": 0.5882926829268292, "yoy": -1.9332, "latest_report": "2026-03-31"}