{"value_line": 4.258618640627981, "quality_score": 26.135406145047895, "total_share": 267660357.1428571, "eps_excl": 0.24541624580191584, "yoy": -0.479, "latest_report": "2026-03-31"}