{"value_line": 11.619383639911678, "quality_score": 60.9742295498896, "total_share": 151295241.0770194, "eps_excl": 0.23896918199558398, "yoy": 2.1246, "latest_report": "2026-03-31"}