{"value_line": 6.651751392321027, "quality_score": 22.5, "total_share": 135565000.0, "eps_excl": 0.09661417032419872, "yoy": -0.1391, "latest_report": "2026-03-31"}