{"value_line": 6.996163202855789, "quality_score": 27.793351004653235, "total_share": 152013235.29411763, "eps_excl": 0.3117340401861294, "yoy": -0.1319, "latest_report": "2026-03-31"}