{"value_line": 17.632131818769267, "quality_score": 41.855208288069576, "total_share": 77544673.91304347, "eps_excl": 0.8742083315227829, "yoy": -0.1956, "latest_report": "2026-03-31"}