{"value_line": 27.439250426506025, "quality_score": 61.53235943775101, "total_share": 167863282.43502882, "eps_excl": 0.9293277108433735, "yoy": 0.2137, "latest_report": "2026-03-31"}