{"value_line": 10.58967176724138, "quality_score": 52.846910919540235, "total_share": 380327868.85245895, "eps_excl": 0.5600431034482759, "yoy": 0.09449999999999999, "latest_report": "2026-03-31"}