{"value_line": 10.690380000000001, "quality_score": 58.6725, "total_share": 531578947.368421, "eps_excl": 0.38, "yoy": 0.40009999999999996, "latest_report": "2026-03-31"}