{"value_line": 41.62447128712871, "quality_score": 79.3805891089109, "total_share": 89380530.97345133, "eps_excl": 0.9752235643564356, "yoy": 1.064, "latest_report": "2026-03-31"}