{"value_line": 14.316150032727272, "quality_score": 56.40625189393939, "total_share": 164179104.47761196, "eps_excl": 0.580783409090909, "yoy": 0.2752, "latest_report": "2026-03-31"}