{"value_line": 11.106667514183805, "quality_score": 70.77083439272975, "total_share": 152952222.22222224, "eps_excl": 0.3308333757091902, "yoy": 1.2387000000000001, "latest_report": "2026-03-31"}