{"value_line": 7.1839924381097875, "quality_score": 44.39416666666667, "total_share": 106108947.36842105, "eps_excl": 0.05726849762161036, "yoy": 0.4039, "latest_report": "2026-03-31"}