{"value_line": 12.165427482915302, "quality_score": 15.727137414576507, "total_share": 121616296.29629628, "eps_excl": 0.1290854965830603, "yoy": -0.7094, "latest_report": "2026-03-31"}