{"value_line": 16.38757407744512, "quality_score": 31.487870387225595, "total_share": 88917046.02933739, "eps_excl": 0.45951481548902373, "yoy": -1.6124, "latest_report": "2026-03-31"}