{"value_line": 4.78833634424072, "quality_score": 15.0, "total_share": 509720833.3333334, "eps_excl": 0.07166726884814399, "yoy": -1.1885, "latest_report": "2026-03-31"}