{"value_line": 42.71616645161291, "quality_score": 91.49586021505377, "total_share": 203278688.52459016, "eps_excl": 1.465967741935484, "yoy": 0.3688, "latest_report": "2026-03-31"}