{"value_line": 21.03677466980362, "quality_score": 56.04378683073817, "total_share": 69096410.25641027, "eps_excl": 0.34175147322952687, "yoy": 0.6406000000000001, "latest_report": "2026-03-31"}