{"value_line": 9.565428187919462, "quality_score": 42.06375838926174, "total_share": 240322580.6451613, "eps_excl": 0.5825503355704698, "yoy": -0.2884, "latest_report": "2026-03-31"}