{"value_line": 26.649816933638448, "quality_score": 57.5, "total_share": 144701986.75496688, "eps_excl": 2.8679633867276895, "yoy": -0.6073, "latest_report": "2026-03-31"}