{"value_line": 4.775589511412941, "quality_score": 65.0, "total_share": 116622000.0, "eps_excl": 0.018779475570647047, "yoy": 9.9022, "latest_report": "2026-03-31"}