{"value_line": 46.481692182030336, "quality_score": 65.0, "total_share": 217512690.35532996, "eps_excl": 3.7423103850641772, "yoy": -0.2905, "latest_report": "2026-03-31"}