{"value_line": 13.480963514151743, "quality_score": 54.8017003276651, "total_share": 147508333.33333334, "eps_excl": 0.5901680131066042, "yoy": 0.1151, "latest_report": "2026-03-31"}