{"value_line": 20.960442571937882, "quality_score": 47.492176010884165, "total_share": 67873465.34653465, "eps_excl": 0.8033537071020331, "yoy": 0.027000000000000003, "latest_report": "2026-03-31"}