{"value_line": 15.48567373046875, "quality_score": 49.61680338541667, "total_share": 632098765.4320987, "eps_excl": 0.78310546875, "yoy": 0.0721, "latest_report": "2026-03-31"}