{"value_line": 6.131228383599325, "quality_score": 34.55614191799663, "total_share": 218367560.90040088, "eps_excl": 0.2822456767198651, "yoy": -0.6768000000000001, "latest_report": "2026-03-31"}