{"value_line": 25.76298539823009, "quality_score": 65.0, "total_share": 66081871.345029235, "eps_excl": 1.5889380530973451, "yoy": -0.1483, "latest_report": "2026-03-31"}