{"value_line": 12.072476991150443, "quality_score": 25.73372418879056, "total_share": 1883333333.3333333, "eps_excl": 0.45398230088495584, "yoy": -0.0677, "latest_report": "2026-03-31"}