{"value_line": 8.55406554190763, "quality_score": 31.970327709538147, "total_share": 146906170.21276596, "eps_excl": 0.4788131083815259, "yoy": -1.8100999999999998, "latest_report": "2026-03-31"}