{"value_line": 91.70931911111109, "quality_score": 100, "total_share": 97826086.95652175, "eps_excl": 4.09911111111111, "yoy": 0.8316, "latest_report": "2026-03-31"}