{"value_line": 32.016896551724145, "quality_score": 89.13362068965517, "total_share": 156756756.75675675, "eps_excl": 1.065344827586207, "yoy": 1.2107999999999999, "latest_report": "2026-03-31"}