{"value_line": 33.492921935260114, "quality_score": 57.5, "total_share": 84156248.47983655, "eps_excl": 1.889342774566474, "yoy": -0.1604, "latest_report": "2026-03-31"}