{"value_line": 16.67568369747899, "quality_score": 38.03781512605042, "total_share": 146913580.24691358, "eps_excl": 0.7215126050420168, "yoy": -0.40740000000000004, "latest_report": "2026-03-31"}