{"value_line": 41.35659740389105, "quality_score": 65.0, "total_share": 124781510.97300445, "eps_excl": 1.85123579766537, "yoy": -0.2072, "latest_report": "2026-03-31"}