{"value_line": 15.960864403237116, "quality_score": 24.204322016185586, "total_share": 116349318.18181819, "eps_excl": 0.16817288064742342, "yoy": -1.4544, "latest_report": "2026-03-31"}