{"value_line": 13.211727919318257, "quality_score": 18.308639596591284, "total_share": 100917777.77777779, "eps_excl": 0.2323455838636514, "yoy": -1.5835, "latest_report": "2026-03-31"}