{"value_line": 22.80202337002961, "quality_score": 54.58132769199975, "total_share": 60367916.66666667, "eps_excl": 0.28325310767999, "yoy": 0.5082, "latest_report": "2026-03-31"}