{"value_line": 33.37809798270894, "quality_score": 53.89048991354467, "total_share": 216875000.0, "eps_excl": 1.3556195965417868, "yoy": -0.5357999999999999, "latest_report": "2026-03-31"}