{"value_line": 32.7252, "quality_score": 65.88666666666667, "total_share": 115555555.55555555, "eps_excl": 1.7826923076923078, "yoy": -0.0848, "latest_report": "2026-03-31"}