{"value_line": 9.389164680996215, "quality_score": 26.810833333333335, "total_share": 114179473.68421052, "eps_excl": 0.08308498624049857, "yoy": -0.026099999999999998, "latest_report": "2026-03-31"}