{"value_line": 16.95963185840708, "quality_score": 45.088495575221245, "total_share": 104629629.62962961, "eps_excl": 1.0035398230088497, "yoy": -0.33240000000000003, "latest_report": "2026-03-31"}