{"value_line": 18.383209319951398, "quality_score": 15.816046599757, "total_share": 116348636.36363636, "eps_excl": 0.13264186399028, "yoy": -1.0514000000000001, "latest_report": "2026-03-31"}