{"value_line": 7.731428571428571, "quality_score": 29.957142857142856, "total_share": 256097560.97560978, "eps_excl": 0.39828571428571424, "yoy": -0.8334, "latest_report": "2026-03-31"}