{"value_line": 24.0724682382921, "quality_score": 36.706802452952985, "total_share": 47791910.046728976, "eps_excl": 0.6682720981181194, "yoy": -0.431, "latest_report": "2026-03-31"}