{"value_line": 5.354131937172776, "quality_score": 44.63123909249563, "total_share": 1469230769.2307692, "eps_excl": 0.25591623036649214, "yoy": 0.084, "latest_report": "2026-03-31"}