{"value_line": 16.441996379752982, "quality_score": 38.65998189876491, "total_share": 101743265.89918408, "eps_excl": 0.7463992759505964, "yoy": -0.8058, "latest_report": "2026-03-31"}