{"value_line": 13.855314588515105, "quality_score": 20.426572942575525, "total_share": 169024811.82046276, "eps_excl": 0.31706291770302103, "yoy": -1.9912999999999998, "latest_report": "2026-03-31"}