{"value_line": 18.84468290673575, "quality_score": 64.99530656303972, "total_share": 200811570.07595465, "eps_excl": 0.8266455958549223, "yoy": 0.1885, "latest_report": "2026-03-31"}