{"value_line": 20.233651396697248, "quality_score": 45.91353669724771, "total_share": 136250000.0, "eps_excl": 0.6382414678899083, "yoy": 0.0707, "latest_report": "2026-03-31"}