{"value_line": 27.26616240140845, "quality_score": 89.03319248826291, "total_share": 103695048.92653717, "eps_excl": 1.3018943661971831, "yoy": 0.3969, "latest_report": "2026-03-31"}