{"value_line": 12.485161693640046, "quality_score": 60.0956475381124, "total_share": 99389259.25925927, "eps_excl": 0.4743259015244959, "yoy": 0.2555, "latest_report": "2026-03-31"}