{"value_line": 17.947336952278604, "quality_score": 50.27167119034826, "total_share": 233296071.4285714, "eps_excl": 0.1108668476139302, "yoy": 5.7314, "latest_report": "2026-03-31"}