{"value_line": 29.924012121212122, "quality_score": 65.0, "total_share": 79041916.16766468, "eps_excl": 1.6193939393939392, "yoy": -0.39149999999999996, "latest_report": "2026-03-31"}