{"value_line": 15.193167052363847, "quality_score": 39.24164509740332, "total_share": 119580731.7073171, "eps_excl": 0.7696658038961328, "yoy": -0.272, "latest_report": "2026-03-31"}