{"value_line": 20.283019315890755, "quality_score": 40.981035084033614, "total_share": 115533980.58252427, "eps_excl": 0.8392414033613446, "yoy": -0.1167, "latest_report": "2026-03-31"}