{"value_line": 12.838206466666666, "quality_score": 39.691032333333325, "total_share": 185950413.2231405, "eps_excl": 0.4876412933333332, "yoy": -0.5972, "latest_report": "2026-03-31"}