{"value_line": 20.16940741980474, "quality_score": 66.13129707112971, "total_share": 782751091.7030567, "eps_excl": 0.8751185495118551, "yoy": 0.18719999999999998, "latest_report": "2026-03-31"}