{"value_line": 7.439849824630736, "quality_score": 15.0, "total_share": 404860000.0, "eps_excl": 0.02596996492614731, "yoy": -0.7240000000000001, "latest_report": "2026-03-31"}