{"value_line": 37.51313497912345, "quality_score": 63.70391872390431, "total_share": 69073723.40425532, "eps_excl": 0.6481567489561725, "yoy": 1.5604, "latest_report": "2026-03-31"}