{"value_line": 12.823242294715856, "quality_score": 20.1275, "total_share": 158014450.86705205, "eps_excl": 0.06814883031843871, "yoy": -0.0121, "latest_report": "2026-03-31"}