{"value_line": 16.200909544827585, "quality_score": 64.56557471264368, "total_share": 795065113.0911584, "eps_excl": 0.8250896551724137, "yoy": 0.1818, "latest_report": "2026-03-31"}