{"value_line": 13.057435897435898, "quality_score": 46.23717948717949, "total_share": 148101265.8227848, "eps_excl": 0.7494871794871796, "yoy": -0.7136, "latest_report": "2026-03-31"}