{"value_line": 11.41511549693063, "quality_score": 25.37557748465315, "total_share": 122898888.88888888, "eps_excl": 0.2150230993861259, "yoy": -0.5528, "latest_report": "2026-03-31"}