{"value_line": 12.788157330681106, "quality_score": 36.540786653405526, "total_share": 101631351.35135135, "eps_excl": 0.661631466136221, "yoy": -0.6426000000000001, "latest_report": "2026-03-31"}