{"value_line": 9.961359971442729, "quality_score": 50.8553422343934, "total_share": 178755238.0952381, "eps_excl": 0.1342136893757359, "yoy": 0.7295999999999999, "latest_report": "2026-03-31"}