{"value_line": 4.186048695848005, "quality_score": 15.0, "total_share": 141576811.59420288, "eps_excl": 0.017209739169601182, "yoy": -27.5948, "latest_report": "2026-03-31"}