{"value_line": 28.14544458958416, "quality_score": 76.94717623762375, "total_share": 80158730.15873016, "eps_excl": 1.1417870495049505, "yoy": 0.38689999999999997, "latest_report": "2026-03-31"}