{"value_line": 26.46025840950495, "quality_score": 43.63380415841584, "total_share": 99605522.68244576, "eps_excl": 0.9278521663366336, "yoy": -0.0925, "latest_report": "2026-03-31"}