{"value_line": 16.597154029248856, "quality_score": 65.46382250029583, "total_share": 119231917.80821918, "eps_excl": 0.6834529000118337, "yoy": 0.2579, "latest_report": "2026-03-31"}