{"value_line": 16.64178475142492, "quality_score": 28.359517324941685, "total_share": 81606685.34827863, "eps_excl": 0.33438069299766743, "yoy": -0.2249, "latest_report": "2026-03-31"}