{"value_line": 24.47081483456484, "quality_score": 65.03851854320605, "total_share": 113350888.88888888, "eps_excl": 0.4015407417282421, "yoy": 1.8869, "latest_report": "2026-03-31"}