{"value_line": 7.917284190106693, "quality_score": 17.98642095053346, "total_share": 158086666.6666667, "eps_excl": 0.21945683802133847, "yoy": -2.5176, "latest_report": "2026-03-31"}