{"value_line": 13.062677416911736, "quality_score": 35.90856435414587, "total_share": 136779795.91836736, "eps_excl": 0.4179425741658348, "yoy": -0.0064, "latest_report": "2026-03-31"}