{"value_line": 12.103077664399095, "quality_score": 44.488441043083895, "total_share": 832075471.6981132, "eps_excl": 0.5107709750566893, "yoy": 0.1009, "latest_report": "2026-03-31"}