{"value_line": 4.639323943661972, "quality_score": 65.91784037558685, "total_share": 1331250000.0, "eps_excl": 0.13671361502347418, "yoy": 0.755, "latest_report": "2026-03-31"}