{"value_line": 27.025994210526317, "quality_score": 46.442982456140356, "total_share": 80281690.14084506, "eps_excl": 1.3577192982456143, "yoy": -0.29469999999999996, "latest_report": "2026-03-31"}