{"value_line": 9.044407811907012, "quality_score": 23.422039059535066, "total_share": 110668666.66666667, "eps_excl": 0.13688156238140273, "yoy": -1.1123, "latest_report": "2026-03-31"}