{"value_line": 23.625112205737658, "quality_score": 55.440581418530016, "total_share": 58521129.03225806, "eps_excl": 0.4230899234078675, "yoy": 0.4548, "latest_report": "2026-03-31"}