{"value_line": 14.668303810426707, "quality_score": 41.136111716467525, "total_share": 150661166.6666667, "eps_excl": 0.545444468658701, "yoy": -0.40630000000000005, "latest_report": "2026-03-31"}