{"value_line": 13.895888300061358, "quality_score": 31.779441500306795, "total_share": 134617800.0, "eps_excl": 0.4711776600122718, "yoy": -0.7578, "latest_report": "2026-03-31"}