{"value_line": 31.420087255671458, "quality_score": 65.0, "total_share": 50742778.94246448, "eps_excl": 1.5638244820997182, "yoy": -0.2384, "latest_report": "2026-03-31"}