{"value_line": 6.910023895060662, "quality_score": 8.704891250182717, "total_share": 155964766.83937824, "eps_excl": 0.14819565000730867, "yoy": -0.17, "latest_report": "2026-03-31"}