{"value_line": 18.51456789324707, "quality_score": 20.50778926530827, "total_share": 108079259.25925925, "eps_excl": 0.21764490394566402, "yoy": -0.055999999999999994, "latest_report": "2026-03-31"}