{"value_line": 38.47500909090908, "quality_score": 82.81876136363636, "total_share": 79710144.92753625, "eps_excl": 1.1127504545454543, "yoy": 1.1015000000000001, "latest_report": "2026-03-31"}