{"value_line": 15.714366225728156, "quality_score": 43.321831128640774, "total_share": 129641283.82630585, "eps_excl": 0.632873245145631, "yoy": -0.9326000000000001, "latest_report": "2026-03-31"}