{"value_line": 12.427543424317617, "quality_score": 68.90942928039702, "total_share": 639682539.6825397, "eps_excl": 0.2563771712158809, "yoy": 2.5631, "latest_report": "2026-03-31"}