{"value_line": 20.909776991150444, "quality_score": 44.647684365781714, "total_share": 410909090.9090908, "eps_excl": 1.160840707964602, "yoy": -0.0464, "latest_report": "2026-03-31"}