{"value_line": 15.416914108327116, "quality_score": 39.292914787225854, "total_share": 128983400.0, "eps_excl": 0.46628325815570065, "yoy": 0.030899999999999997, "latest_report": "2026-03-31"}