{"value_line": 8.790315912868568, "quality_score": 38.951579564342836, "total_share": 145232803.09544283, "eps_excl": 0.4580631825737134, "yoy": -0.809, "latest_report": "2026-03-31"}