{"value_line": 23.834271895424838, "quality_score": 49.886977124183005, "total_share": 191250000.0, "eps_excl": 0.7477124183006536, "yoy": 0.0919, "latest_report": "2026-03-31"}