{"value_line": 28.812111575081104, "quality_score": 59.97763946885138, "total_share": 75579600.0, "eps_excl": 0.4991055787540553, "yoy": 2.8322000000000003, "latest_report": "2026-03-31"}