{"value_line": 8.131914998396628, "quality_score": 18.10957499198314, "total_share": 150544827.5862069, "eps_excl": 0.22438299967932565, "yoy": -0.5059, "latest_report": "2026-03-31"}