{"value_line": 13.644761518980124, "quality_score": 30.97380759490062, "total_share": 205323902.4390244, "eps_excl": 0.43895230379602485, "yoy": -0.5785, "latest_report": "2026-03-31"}