{"value_line": 34.68222871531097, "quality_score": 75.36528589413871, "total_share": 88238019.80198021, "eps_excl": 0.8146114357655485, "yoy": 3.1638, "latest_report": "2026-03-31"}