{"value_line": 13.873770313712448, "quality_score": 52.72971289214056, "total_share": 102511363.63636364, "eps_excl": 0.20918851568562244, "yoy": 1.4112, "latest_report": "2026-03-31"}