{"value_line": 27.35719782191719, "quality_score": 75.62529048815018, "total_share": 77695405.4054054, "eps_excl": 1.1389116195260076, "yoy": 0.2369, "latest_report": "2026-03-31"}