{"value_line": 21.49480535919232, "quality_score": 39.0240267959616, "total_share": 66772403.84615384, "eps_excl": 0.760961071838464, "yoy": -0.6426999999999999, "latest_report": "2026-03-31"}