{"value_line": 10.71320232772739, "quality_score": 59.61650290965924, "total_share": 300572213.8930535, "eps_excl": 0.1846601163863695, "yoy": 2.0772, "latest_report": "2026-03-31"}