{"value_line": 8.50989671028844, "quality_score": 24.236265410499552, "total_share": 137179200.0, "eps_excl": 0.16945061641998208, "yoy": -0.3332, "latest_report": "2026-03-31"}