{"value_line": 25.409733529411767, "quality_score": 58.044117647058826, "total_share": 101492537.31343283, "eps_excl": 1.221764705882353, "yoy": -0.1889, "latest_report": "2026-03-31"}