{"value_line": 13.06661655559633, "quality_score": 34.19379357798165, "total_share": 167692307.6923077, "eps_excl": 0.567751743119266, "yoy": -0.1076, "latest_report": "2026-03-31"}