{"value_line": 13.705008769281745, "quality_score": 31.231452275093066, "total_share": 68009359.25125991, "eps_excl": 0.21189142433705602, "yoy": 0.1303, "latest_report": "2026-03-31"}