{"value_line": 16.127492491611147, "quality_score": 15.0, "total_share": 88886086.95652173, "eps_excl": 0.051498498322229726, "yoy": -0.7325, "latest_report": "2026-03-31"}