{"value_line": 6.617304854493359, "quality_score": 15.0, "total_share": 436956000.00000006, "eps_excl": 0.07146097089867172, "yoy": -0.6114, "latest_report": "2026-03-31"}