{"value_line": 7.831599667357809, "quality_score": 42.5, "total_share": 783123750.0, "eps_excl": 0.05957998336789045, "yoy": 22.3688, "latest_report": "2026-03-31"}