{"value_line": 62.018009708737864, "quality_score": 100, "total_share": 422564102.5641026, "eps_excl": 1.9429004854368934, "yoy": 1.9794, "latest_report": "2026-03-31"}