{"value_line": 26.810032631578945, "quality_score": 57.55714912280701, "total_share": 135714285.7142857, "eps_excl": 1.2010526315789474, "yoy": 0.0291, "latest_report": "2026-03-31"}