{"value_line": 23.85374073121003, "quality_score": 56.81013061948006, "total_share": 100457349.39759035, "eps_excl": 0.764938558112536, "yoy": 0.2032, "latest_report": "2026-03-31"}