{"value_line": 25.492108843537412, "quality_score": 57.5, "total_share": 312765957.4468085, "eps_excl": 1.8544217687074829, "yoy": -0.8037000000000001, "latest_report": "2026-03-31"}