{"value_line": 8.682142927789371, "quality_score": 27.66071463894686, "total_share": 118949411.76470587, "eps_excl": 0.3064285855578744, "yoy": -0.6687000000000001, "latest_report": "2026-03-31"}