{"value_line": 27.058801843317973, "quality_score": 87.47350230414747, "total_share": 409433962.2641509, "eps_excl": 0.9989400921658986, "yoy": 2.8474, "latest_report": "2026-03-31"}