{"value_line": 13.291773343908124, "quality_score": 11.55886671954062, "total_share": 96245666.66666667, "eps_excl": 0.2623546687816248, "yoy": -1.1523, "latest_report": "2026-03-31"}