{"value_line": 17.969973084675146, "quality_score": 46.16117722905081, "total_share": 216014102.56410256, "eps_excl": 0.3069470891620324, "yoy": 0.3455, "latest_report": "2026-03-31"}