{"value_line": 13.276306122448979, "quality_score": 36.83673469387755, "total_share": 408333333.3333334, "eps_excl": 0.673469387755102, "yoy": -0.29969999999999997, "latest_report": "2026-03-31"}