{"value_line": 49.96455882352942, "quality_score": 100, "total_share": 106857142.85714285, "eps_excl": 1.7032085561497328, "yoy": 0.9965, "latest_report": "2026-03-31"}