{"value_line": 11.006303374647889, "quality_score": 36.495193661971825, "total_share": 195511496.62673828, "eps_excl": 0.6598077464788732, "yoy": -0.45039999999999997, "latest_report": "2026-03-31"}