{"value_line": 11.159486312214629, "quality_score": 35.73431513097567, "total_share": 100745714.28571428, "eps_excl": 0.1396059385723604, "yoy": 0.1099, "latest_report": "2026-03-31"}