{"value_line": 14.651191146892211, "quality_score": 33.79367646997882, "total_share": 140094629.8984035, "eps_excl": 0.5517470587991529, "yoy": -0.3165, "latest_report": "2026-03-31"}