{"value_line": 17.80240873738343, "quality_score": 59.03821880251087, "total_share": 123791358.99450119, "eps_excl": 0.5492620854337683, "yoy": 0.46240000000000003, "latest_report": "2026-03-31"}