{"value_line": 18.958469767441862, "quality_score": 41.0423488372093, "total_share": 234051817.98388854, "eps_excl": 0.8416939534883721, "yoy": -0.6279, "latest_report": "2026-03-31"}