{"value_line": 12.053946996466431, "quality_score": 44.146648998822144, "total_share": 566000000.0, "eps_excl": 0.48939929328621906, "yoy": 0.1042, "latest_report": "2026-03-31"}