{"value_line": 27.292299999999997, "quality_score": 52.81833333333334, "total_share": 100000000.0, "eps_excl": 1.05, "yoy": 0.0126, "latest_report": "2026-03-31"}