{"value_line": 5.8268454810495625, "quality_score": 15.0, "total_share": 171500000.0, "eps_excl": 0.0073690962099125365, "yoy": -0.9748, "latest_report": "2026-03-31"}