{"value_line": 11.765035400685882, "quality_score": 50.0, "total_share": 208341898.64382583, "eps_excl": 0.0717517700342941, "yoy": 2.012, "latest_report": "2026-03-31"}