{"value_line": 16.83527657302371, "quality_score": 34.37638286511854, "total_share": 133441250.0, "eps_excl": 0.5750553146047418, "yoy": -0.9041, "latest_report": "2026-03-31"}