{"value_line": 28.348845388109346, "quality_score": 63.56105673513668, "total_share": 69900833.33333333, "eps_excl": 0.3424422694054673, "yoy": 1.4377000000000002, "latest_report": "2026-03-31"}