{"value_line": 17.857494527938574, "quality_score": 28.94089332390661, "total_share": 130755111.11111109, "eps_excl": 0.35763573295626444, "yoy": -0.27649999999999997, "latest_report": "2026-03-31"}