{"value_line": 16.08687573273721, "quality_score": 16.48437866368604, "total_share": 106633313.71394938, "eps_excl": 0.15937514654744162, "yoy": -1.121, "latest_report": "2026-03-31"}