{"value_line": 19.267474300791505, "quality_score": 60.35438490673212, "total_share": 116234698.79518072, "eps_excl": 0.7492753962692849, "yoy": 0.1421, "latest_report": "2026-03-31"}