{"value_line": 18.167485563740716, "quality_score": 34.81321639243325, "total_share": 98324864.86486487, "eps_excl": 0.5925286556973298, "yoy": -0.1954, "latest_report": "2026-03-31"}