{"value_line": 11.90388096992792, "quality_score": 52.9173512124099, "total_share": 101150909.0909091, "eps_excl": 0.216694048496396, "yoy": 2.267, "latest_report": "2026-03-31"}