{"value_line": 27.10711235789474, "quality_score": 53.872280701754384, "total_share": 136298421.80774748, "eps_excl": 0.8877578947368422, "yoy": 0.1002, "latest_report": "2026-03-31"}