{"value_line": 31.87042802919708, "quality_score": 44.88055961070559, "total_share": 95804195.8041958, "eps_excl": 1.1794890510948903, "yoy": -0.0504, "latest_report": "2026-03-31"}