{"value_line": 15.740435516004782, "quality_score": 15.0, "total_share": 60026195.899772204, "eps_excl": 0.018087103200956304, "yoy": -8.449, "latest_report": "2026-03-31"}