{"value_line": 90.84779339423753, "quality_score": 92.5, "total_share": 417302052.7859237, "eps_excl": 3.0888896697118766, "yoy": 20.514, "latest_report": "2026-03-31"}