{"value_line": 20.116341902039277, "quality_score": 15.0, "total_share": 142064838.70967743, "eps_excl": 0.015268380407855567, "yoy": -1.4072, "latest_report": "2026-03-31"}