{"value_line": 11.254979735850856, "quality_score": 27.37489867925428, "total_share": 179768571.42857143, "eps_excl": 0.2949959471701712, "yoy": -6.862100000000001, "latest_report": "2026-03-31"}