{"value_line": 45.7797778761062, "quality_score": 57.5, "total_share": 88976377.9527559, "eps_excl": 2.079203539823009, "yoy": -0.4498, "latest_report": "2026-03-31"}