{"value_line": 57.67277995301488, "quality_score": 92.5, "total_share": 760119047.6190476, "eps_excl": 1.6326389976507438, "yoy": 14.760399999999999, "latest_report": "2026-03-31"}