{"value_line": 29.818707773584904, "quality_score": 74.25545597484276, "total_share": 240559186.63761804, "eps_excl": 1.1223849056603772, "yoy": 0.2205, "latest_report": "2026-03-31"}