{"value_line": 7.8067623984, "quality_score": 24.225706153846154, "total_share": 464285714.28571427, "eps_excl": 0.16902824615384615, "yoy": -0.19140000000000001, "latest_report": "2026-03-31"}