{"value_line": 37.71408579710145, "quality_score": 77.07478260869566, "total_share": 102985074.62686567, "eps_excl": 1.2040579710144927, "yoy": 0.3624, "latest_report": "2026-03-31"}