{"value_line": 14.004951337741641, "quality_score": 46.37083584788529, "total_share": 171225555.55555555, "eps_excl": 0.3515001005820782, "yoy": 0.33, "latest_report": "2026-03-31"}