{"value_line": 16.771711205673757, "quality_score": 38.716312056737586, "total_share": 154945054.94505495, "eps_excl": 0.7486524822695034, "yoy": -0.4962, "latest_report": "2026-03-31"}