{"value_line": 23.725234591791637, "quality_score": 39.694521375327774, "total_share": 39671298.7012987, "eps_excl": 0.487780855013111, "yoy": -0.4536, "latest_report": "2026-03-31"}