{"value_line": 23.926161344005617, "quality_score": 40.961314823958915, "total_share": 108603516.48351648, "eps_excl": 0.8384525929583564, "yoy": -0.3099, "latest_report": "2026-03-31"}