{"value_line": 20.323741507330514, "quality_score": 26.268707536652574, "total_share": 55930588.23529411, "eps_excl": 0.250748301466103, "yoy": -12.5478, "latest_report": "2026-03-31"}