{"value_line": 32.05532608695652, "quality_score": 50.0, "total_share": 102793296.08938548, "eps_excl": 1.5370652173913042, "yoy": -0.6866, "latest_report": "2026-03-31"}