{"value_line": 12.482595671322029, "quality_score": 31.460686219366274, "total_share": 119654920.63492063, "eps_excl": 0.458427448774651, "yoy": -0.4999, "latest_report": "2026-03-31"}