{"value_line": 10.427024950557692, "quality_score": 28.14286394230769, "total_share": 281081081.0810811, "eps_excl": 0.32571455769230767, "yoy": -0.2303, "latest_report": "2026-03-31"}