{"value_line": 7.815765204725285, "quality_score": 15.92882602362642, "total_share": 180024444.44444445, "eps_excl": 0.13715304094505684, "yoy": -1.8712, "latest_report": "2026-03-31"}