{"value_line": 11.619113126184555, "quality_score": 28.89556563092278, "total_share": 112216585.36585367, "eps_excl": 0.35582262523691116, "yoy": -2.0629, "latest_report": "2026-03-31"}