{"value_line": 33.53208961655067, "quality_score": 69.48113329585786, "total_share": 53145875.0, "eps_excl": 0.5792453318343145, "yoy": 0.9201, "latest_report": "2026-03-31"}