{"value_line": 182.44411764705882, "quality_score": 100, "total_share": 108800000.0, "eps_excl": 7.38970588235294, "yoy": 1.0293, "latest_report": "2026-03-31"}