{"value_line": 19.63255287387575, "quality_score": 61.48465100935287, "total_share": 104590273.97260274, "eps_excl": 0.5853527070407815, "yoy": 0.3603, "latest_report": "2026-03-31"}