{"value_line": 19.03159085082225, "quality_score": 18.95795425411127, "total_share": 133185365.85365854, "eps_excl": 0.2583181701644508, "yoy": -0.5740999999999999, "latest_report": "2026-03-31"}