{"value_line": 13.819735860292916, "quality_score": 51.19468642168713, "total_share": 114488387.09677419, "eps_excl": 0.23225412353415195, "yoy": 0.46380000000000005, "latest_report": "2026-03-31"}