{"value_line": 14.092931506101399, "quality_score": 49.20931818800842, "total_share": 138072564.1025641, "eps_excl": 0.3743393941870031, "yoy": 0.2403, "latest_report": "2026-03-31"}