{"value_line": 14.225219408925089, "quality_score": 48.696721098811246, "total_share": 119992452.83018868, "eps_excl": 0.5248688439524498, "yoy": 0.16699999999999998, "latest_report": "2026-03-31"}