{"value_line": 16.700431444195196, "quality_score": 38.02302630299628, "total_share": 104066734.87949066, "eps_excl": 0.720921052119851, "yoy": -0.3799, "latest_report": "2026-03-31"}