{"value_line": 11.658893129770993, "quality_score": 49.46541348600509, "total_share": 262000000.0, "eps_excl": 0.4961832061068702, "yoy": 0.0639, "latest_report": "2026-03-31"}