{"value_line": 13.979283582089554, "quality_score": 54.19651741293533, "total_share": 386538461.53846145, "eps_excl": 0.4811940298507464, "yoy": 0.28, "latest_report": "2026-03-31"}