{"value_line": 21.248540800023033, "quality_score": 65.58152696772893, "total_share": 148861785.7142857, "eps_excl": 0.42326107870915736, "yoy": 0.5259, "latest_report": "2026-03-31"}