{"value_line": 17.01173408621062, "quality_score": 48.008670431053105, "total_share": 98636086.95652173, "eps_excl": 0.8203468172421241, "yoy": -0.7619, "latest_report": "2026-03-31"}