{"value_line": 22.230165824665676, "quality_score": 65.0, "total_share": 400595238.0952381, "eps_excl": 1.660029717682021, "yoy": -0.3747, "latest_report": "2026-03-31"}