{"value_line": 20.943234745070935, "quality_score": 29.90658694059772, "total_share": 92528765.43209876, "eps_excl": 0.6962634776239087, "yoy": -0.15789999999999998, "latest_report": "2026-03-31"}