{"value_line": 31.62103664708951, "quality_score": 74.82629580886189, "total_share": 89238555.55555555, "eps_excl": 0.7930518323544756, "yoy": 1.0268000000000002, "latest_report": "2026-03-31"}