{"value_line": 25.852197197472947, "quality_score": 74.33213463679827, "total_share": 80346533.33333333, "eps_excl": 0.7732853854719308, "yoy": 0.5909, "latest_report": "2026-03-31"}