{"value_line": 30.028992435233157, "quality_score": 65.0, "total_share": 85022026.43171807, "eps_excl": 2.187668393782383, "yoy": -0.2993, "latest_report": "2026-03-31"}