{"value_line": 41.050799999999995, "quality_score": 86.81666666666666, "total_share": 106521739.13043478, "eps_excl": 1.6240816326530612, "yoy": 0.27399999999999997, "latest_report": "2026-03-31"}