{"value_line": 7.803225363433125, "quality_score": 23.85360955592965, "total_share": 391165500.0, "eps_excl": 0.16644438223718602, "yoy": 0.0233, "latest_report": "2026-03-31"}