{"value_line": 29.071331982794923, "quality_score": 38.906659913974615, "total_share": 61899087.69316701, "eps_excl": 0.7562663965589845, "yoy": -1.6641, "latest_report": "2026-03-31"}