{"value_line": 24.527644599303137, "quality_score": 81.62205574912892, "total_share": 559563267.6935074, "eps_excl": 0.7648822299651569, "yoy": 9.3645, "latest_report": "2026-03-31"}