{"value_line": 4.32201060688, "quality_score": 25.264244, "total_share": 416666666.6666667, "eps_excl": 0.21056976, "yoy": -0.2487, "latest_report": "2026-03-31"}