{"value_line": 18.13627062700513, "quality_score": 32.58135313502565, "total_share": 83074927.53623189, "eps_excl": 0.5032541254010261, "yoy": -0.7853, "latest_report": "2026-03-31"}