{"value_line": 25.273893841071427, "quality_score": 79.5149181547619, "total_share": 102931715.83494166, "eps_excl": 1.0006633928571427, "yoy": 0.4914, "latest_report": "2026-03-31"}