{"value_line": 39.90500773553718, "quality_score": 79.70583333333333, "total_share": 59082031.25, "eps_excl": 1.980297520661157, "yoy": 0.1521, "latest_report": "2026-03-31"}