{"value_line": 13.621981376274483, "quality_score": 26.890557675530605, "total_share": 96876774.19354838, "eps_excl": 0.2756223070212242, "yoy": -0.21559999999999999, "latest_report": "2026-03-31"}