{"value_line": 14.328302023121388, "quality_score": 37.88294797687861, "total_share": 230666666.66666666, "eps_excl": 0.7153179190751445, "yoy": -0.1265, "latest_report": "2026-03-31"}