{"value_line": 6.090206216561802, "quality_score": 16.901031082809006, "total_share": 145299473.68421054, "eps_excl": 0.1760412433123603, "yoy": -2.6398, "latest_report": "2026-03-31"}