{"value_line": 37.97444866923077, "quality_score": 65.0, "total_share": 78360458.10729355, "eps_excl": 2.437453846153846, "yoy": -0.21170000000000003, "latest_report": "2026-03-31"}