{"value_line": 6.645715084356238, "quality_score": 24.703467551980197, "total_share": 373658897.52127266, "eps_excl": 0.1881387020792079, "yoy": -0.2422, "latest_report": "2026-03-31"}