{"value_line": 22.614060322817142, "quality_score": 53.76060667857143, "total_share": 66183422.62842736, "eps_excl": 1.3504242671428572, "yoy": -0.1844, "latest_report": "2026-03-31"}