{"value_line": 23.05662127142857, "quality_score": 52.61232142857142, "total_share": 138751238.8503469, "eps_excl": 1.304492857142857, "yoy": -0.3318, "latest_report": "2026-03-31"}