{"value_line": 12.708671985370295, "quality_score": 18.943359926851475, "total_share": 82201290.32258064, "eps_excl": 0.257734397074059, "yoy": -1.8115, "latest_report": "2026-03-31"}