{"value_line": 19.431032501352355, "quality_score": 54.85129062669044, "total_share": 147273799.25222892, "eps_excl": 0.2940516250676176, "yoy": 2.1846, "latest_report": "2026-03-31"}