{"value_line": 20.307264150943396, "quality_score": 52.936320754716974, "total_share": 79699248.12030075, "eps_excl": 1.3174528301886792, "yoy": -0.85, "latest_report": "2026-03-31"}