{"value_line": 15.11790434736842, "quality_score": 40.32609649122807, "total_share": 226662690.1282434, "eps_excl": 0.6000105263157894, "yoy": -0.0087, "latest_report": "2026-03-31"}