{"value_line": 23.40424419163156, "quality_score": 15.87122095815779, "total_share": 66244545.454545446, "eps_excl": 0.13484883832631162, "yoy": -2.2363, "latest_report": "2026-03-31"}