{"value_line": 24.96624710323915, "quality_score": 27.038705716638123, "total_share": 53627538.46153846, "eps_excl": 0.5815482286655249, "yoy": -0.1082, "latest_report": "2026-03-31"}