{"value_line": 33.862941176470585, "quality_score": 90.44117647058823, "total_share": 178947368.42105263, "eps_excl": 1.1176470588235294, "yoy": 1.0446, "latest_report": "2026-03-31"}