{"value_line": 33.2281482706767, "quality_score": 77.49265037593986, "total_share": 83647798.74213836, "eps_excl": 1.4824060150375942, "yoy": 0.1217, "latest_report": "2026-03-31"}