{"value_line": 22.27774329032258, "quality_score": 57.5, "total_share": 95092024.53987731, "eps_excl": 1.503806451612903, "yoy": -0.36310000000000003, "latest_report": "2026-03-31"}