{"value_line": 9.235797345132744, "quality_score": 50.79474668141593, "total_share": 633053221.2885153, "eps_excl": 0.1317898672566372, "yoy": 24.244, "latest_report": "2026-03-31"}