{"value_line": 7.904309433962263, "quality_score": 42.48493710691824, "total_share": 397500000.0, "eps_excl": 0.3622641509433962, "yoy": 0.13019999999999998, "latest_report": "2026-03-31"}