{"value_line": 9.15495481818839, "quality_score": 15.62477409094195, "total_share": 116488421.0526316, "eps_excl": 0.12499096363767799, "yoy": -0.6489, "latest_report": "2026-03-31"}