{"value_line": 9.1873888, "quality_score": 25.580073746312685, "total_share": 594736842.1052631, "eps_excl": 0.14473628318584073, "yoy": 0.0622, "latest_report": "2026-03-31"}