{"value_line": 19.585454545454546, "quality_score": 77.43181818181819, "total_share": 421917808.2191781, "eps_excl": 0.5972727272727273, "yoy": 4.2669999999999995, "latest_report": "2026-03-31"}