{"value_line": 18.756919326066516, "quality_score": 52.5451154648624, "total_share": 57076593.46545259, "eps_excl": 0.27857128526116254, "yoy": 0.4671, "latest_report": "2026-03-31"}