{"value_line": 39.6073548, "quality_score": 37.886774, "total_share": 93984962.40601504, "eps_excl": 1.01547096, "yoy": -0.9062, "latest_report": "2026-03-31"}