{"value_line": 9.618614856688783, "quality_score": 17.786055074672255, "total_share": 117616538.46153848, "eps_excl": 0.21144220298689023, "yoy": -0.22030000000000002, "latest_report": "2026-03-31"}