{"value_line": 40.10222407407407, "quality_score": 96.6574074074074, "total_share": 87096774.19354838, "eps_excl": 1.3662962962962963, "yoy": 0.6045, "latest_report": "2026-03-31"}