{"value_line": 6.429761099956794, "quality_score": 65.999701374946, "total_share": 393470000.00000006, "eps_excl": 0.1399880549978397, "yoy": 2.0371, "latest_report": "2026-03-31"}