{"value_line": 10.733917100074297, "quality_score": 34.01958550037149, "total_share": 110507368.42105263, "eps_excl": 0.5607834200148597, "yoy": -1.2375, "latest_report": "2026-03-31"}