{"value_line": 100.30162142857142, "quality_score": 53.44166666666667, "total_share": 90880989.18083462, "eps_excl": 6.139897959183673, "yoy": -0.040999999999999995, "latest_report": "2026-03-31"}