{"value_line": 16.813011526266255, "quality_score": 31.226163503521317, "total_share": 84594743.58974358, "eps_excl": 0.7490465401408526, "yoy": -0.2146, "latest_report": "2026-03-31"}