{"value_line": 15.75859250294387, "quality_score": 27.692962514719348, "total_share": 79753043.47826087, "eps_excl": 0.607718500588774, "yoy": -0.6535, "latest_report": "2026-03-31"}