{"value_line": 65.52214348122865, "quality_score": 76.42333333333333, "total_share": 91277258.5669782, "eps_excl": 2.9689761092150166, "yoy": 0.22440000000000002, "latest_report": "2026-03-31"}