{"value_line": 12.008082337542962, "quality_score": 32.79041168771481, "total_share": 137559098.40571743, "eps_excl": 0.5116164675085925, "yoy": -1.4658000000000002, "latest_report": "2026-03-31"}