{"value_line": 7.627359446366782, "quality_score": 36.44290657439446, "total_share": 437878787.8787879, "eps_excl": 0.6577162629757786, "yoy": -0.4789, "latest_report": "2026-03-31"}