{"value_line": 34.58270033959393, "quality_score": 51.21350169796963, "total_share": 39131703.7037037, "eps_excl": 1.2485400679187852, "yoy": -2.1646, "latest_report": "2026-03-31"}