{"value_line": 27.335708477987417, "quality_score": 65.42754716981132, "total_share": 104399212.08141826, "eps_excl": 1.417635220125786, "yoy": 0.0712, "latest_report": "2026-03-31"}