{"value_line": 9.978089171974522, "quality_score": 23.74044585987261, "total_share": 402564102.56410253, "eps_excl": 0.4496178343949045, "yoy": -1.7727000000000002, "latest_report": "2026-03-31"}