{"value_line": 29.667691896976244, "quality_score": 59.65372286125212, "total_share": 75064776.71086724, "eps_excl": 1.2432155811167513, "yoy": -0.0816, "latest_report": "2026-03-31"}