{"value_line": 4.844295302013423, "quality_score": 35.72147651006711, "total_share": 425714285.71428573, "eps_excl": 0.32885906040268453, "yoy": -0.7662, "latest_report": "2026-03-31"}