{"value_line": 20.36741935483871, "quality_score": 51.987096774193546, "total_share": 115671641.79104477, "eps_excl": 1.279483870967742, "yoy": -0.7820999999999999, "latest_report": "2026-03-31"}