{"value_line": 28.99422479338843, "quality_score": 65.0, "total_share": 75625000.0, "eps_excl": 1.5603305785123966, "yoy": -0.1576, "latest_report": "2026-03-31"}