{"value_line": 34.45251386198143, "quality_score": 66.36564232747679, "total_share": 73019512.19512196, "eps_excl": 0.7546256930990713, "yoy": 3.2519, "latest_report": "2026-03-31"}