{"value_line": 35.01302325581395, "quality_score": 88.21627906976744, "total_share": 155797101.44927537, "eps_excl": 1.3286511627906974, "yoy": 3.4024, "latest_report": "2026-03-31"}