{"value_line": 60.33391965811966, "quality_score": 94.49916666666667, "total_share": 120618556.70103092, "eps_excl": 2.818803418803419, "yoy": 0.4057, "latest_report": "2026-03-31"}