{"value_line": 60.894705998297866, "quality_score": 92.5, "total_share": 89096148.01334547, "eps_excl": 2.368228085106383, "yoy": 0.5161, "latest_report": "2026-03-31"}