{"value_line": 18.161136363636363, "quality_score": 43.75568181818181, "total_share": 116814159.29203542, "eps_excl": 0.9502272727272727, "yoy": -1.4491, "latest_report": "2026-03-31"}