{"value_line": 27.391220869565224, "quality_score": 73.69706521739131, "total_share": 143749999.99999997, "eps_excl": 1.4747826086956526, "yoy": 0.0599, "latest_report": "2026-03-31"}