{"value_line": 35.37485084822695, "quality_score": 100, "total_share": 415145448.1215405, "eps_excl": 1.6379801418439714, "yoy": 0.6273, "latest_report": "2026-03-31"}