{"value_line": 25.8038819150641, "quality_score": 89.79002112470863, "total_share": 2671856753.6006227, "eps_excl": 1.2369675116550116, "yoy": 0.43770000000000003, "latest_report": "2026-03-31"}