{"value_line": 5.450905696969697, "quality_score": 23.498989898989898, "total_share": 3093750000.0, "eps_excl": 0.13995959595959595, "yoy": -0.37060000000000004, "latest_report": "2026-03-31"}