{"value_line": 10.795905921353064, "quality_score": 37.937031360112755, "total_share": 1494943109.9873579, "eps_excl": 0.2515145877378435, "yoy": 0.09970000000000001, "latest_report": "2026-03-31"}