{"value_line": 10.757495708446868, "quality_score": 37.62568119891008, "total_share": 2367741935.483871, "eps_excl": 0.40502724795640327, "yoy": -0.3735, "latest_report": "2026-03-31"}