{"value_line": 10.802570709394537, "quality_score": 27.262853546972693, "total_share": 238367741.93548387, "eps_excl": 0.2905141418789076, "yoy": -3.8537, "latest_report": "2026-03-31"}