{"value_line": 20.16678464374001, "quality_score": 61.8363434558693, "total_share": 1683257106.9859207, "eps_excl": 1.0628204049014385, "yoy": 0.1617, "latest_report": "2026-03-31"}