{"value_line": 22.50336190240278, "quality_score": 64.60420237800346, "total_share": 4886226095.376421, "eps_excl": 0.6841680951201389, "yoy": 1.8976, "latest_report": "2026-03-31"}