{"value_line": 7.148891673248407, "quality_score": 33.157537154989384, "total_share": 2737576285.9633827, "eps_excl": 0.17606815286624203, "yoy": 0.0501, "latest_report": "2026-03-31"}