{"value_line": 8.19342505063291, "quality_score": 36.648834388185655, "total_share": 2743849493.487699, "eps_excl": 0.3476867088607594, "yoy": 0.0364, "latest_report": "2026-03-31"}