{"value_line": 12.237764950395439, "quality_score": 20.462029135866256, "total_share": 312545925.9259259, "eps_excl": 0.1259811654346502, "yoy": -0.0175, "latest_report": "2026-03-31"}