{"value_line": 8.68230637037037, "quality_score": 21.433518518518518, "total_share": 1588235294.117647, "eps_excl": 0.3330740740740741, "yoy": -0.08960000000000001, "latest_report": "2026-03-31"}