{"value_line": 26.247532687765705, "quality_score": 58.69345260588884, "total_share": 2490588235.294118, "eps_excl": 0.82470477090222, "yoy": 0.08130000000000001, "latest_report": "2026-03-31"}