{"value_line": 11.669625249200148, "quality_score": 40.953515235286886, "total_share": 23239677916.738052, "eps_excl": 0.5250072760781422, "yoy": 0.0342, "latest_report": "2026-03-31"}