{"value_line": 2.219194865810968, "quality_score": 50.0, "total_share": 17140000000.0, "eps_excl": 0.008459743290548424, "yoy": 1.8991, "latest_report": "2026-03-31"}