{"value_line": 13.04059490749623, "quality_score": 40.57119364122242, "total_share": 8686904761.904762, "eps_excl": 0.8228477456488967, "yoy": -0.1553, "latest_report": "2026-03-31"}