{"value_line": 10.07228297142857, "quality_score": 38.09285714285714, "total_share": 1305970149.2537313, "eps_excl": 0.3905142857142857, "yoy": 0.042800000000000005, "latest_report": "2026-03-31"}