{"value_line": 2.2661933109643515, "quality_score": 23.131666666666668, "total_share": 1949780821.9178083, "eps_excl": 0.0034821349782905003, "yoy": 0.0394, "latest_report": "2026-03-31"}