{"value_line": 5.14101052631579, "quality_score": 32.75666666666667, "total_share": 1266666666.6666665, "eps_excl": 0.09473684210526317, "yoy": 0.20440000000000003, "latest_report": "2026-03-31"}