{"value_line": 8.667684005551758, "quality_score": 22.5, "total_share": 241365000.0, "eps_excl": 0.019536801110351543, "yoy": -7.353400000000001, "latest_report": "2026-03-31"}