{"value_line": 3.6003822150363782, "quality_score": 50.0, "total_share": 15462500000.0, "eps_excl": 0.004019110751818916, "yoy": 1.1921, "latest_report": "2026-03-31"}