{"value_line": 5.476642602729902, "quality_score": 15.0, "total_share": 436518260.8695652, "eps_excl": 0.049328520545980456, "yoy": -0.6031, "latest_report": "2026-03-31"}