{"value_line": 9.550198300283286, "quality_score": 26.65099150141643, "total_share": 969780219.7802198, "eps_excl": 0.26603966005665725, "yoy": -0.7587, "latest_report": "2026-03-31"}