{"value_line": 0.5921212121212122, "quality_score": 42.5, "total_share": 43043478260.86957, "eps_excl": 0.021606060606060608, "yoy": 4.9430000000000005, "latest_report": "2026-03-31"}