{"value_line": 5.732320174525363, "quality_score": 50.0, "total_share": 1219880000.0000002, "eps_excl": 0.0028654457815522833, "yoy": 0.8259000000000001, "latest_report": "2026-03-31"}