{"value_line": 13.204520000000002, "quality_score": 40.02744791666667, "total_share": 2327272727.272727, "eps_excl": 0.45203125000000005, "yoy": 0.0496, "latest_report": "2026-03-31"}