{"value_line": 30.936105112864418, "quality_score": 93.19561661267932, "total_share": 3436158371.760216, "eps_excl": 1.2278246645071726, "yoy": 0.6579, "latest_report": "2026-03-31"}