{"value_line": 10.44361733990148, "quality_score": 25.070197044334975, "total_share": 882608695.6521738, "eps_excl": 0.20280788177339906, "yoy": -0.1304, "latest_report": "2026-03-31"}