{"value_line": 5.971317739047588, "quality_score": 23.006588695237937, "total_share": 338205555.5555556, "eps_excl": 0.12026354780951755, "yoy": -42.887100000000004, "latest_report": "2026-03-31"}