{"value_line": 11.681911793512164, "quality_score": 40.887195362861306, "total_share": 5882568807.339449, "eps_excl": 0.5137211478477854, "yoy": 0.0379, "latest_report": "2026-03-31"}