{"value_line": 2.176169141610157, "quality_score": 15.0, "total_share": 1044805000.0, "eps_excl": 0.019233828322031382, "yoy": -0.7443000000000001, "latest_report": "2026-03-31"}