{"value_line": 18.71940630648672, "quality_score": 56.23056450442606, "total_share": 5037833095.734181, "eps_excl": 0.8868892468437092, "yoy": 0.141, "latest_report": "2026-03-31"}