{"value_line": 7.792105814721723, "quality_score": 32.89443447037702, "total_share": 1611223604.2811687, "eps_excl": 0.32397737881508076, "yoy": -0.0178, "latest_report": "2026-03-31"}