{"value_line": 9.747034514964371, "quality_score": 25.589144893111637, "total_share": 1493967352.7324343, "eps_excl": 0.22356579572446558, "yoy": -0.1291, "latest_report": "2026-03-31"}