{"value_line": 13.714444988764047, "quality_score": 56.65001872659177, "total_share": 2594752186.588921, "eps_excl": 0.6736674157303372, "yoy": 0.111, "latest_report": "2026-03-31"}