{"value_line": 11.14955799656947, "quality_score": 45.177888793596345, "total_share": 1777439024.3902438, "eps_excl": 0.584548885077187, "yoy": 0.08109999999999999, "latest_report": "2026-03-31"}