{"value_line": 13.897379028720627, "quality_score": 42.589978241949524, "total_share": 2678321678.321678, "eps_excl": 0.41966579634464757, "yoy": 0.1074, "latest_report": "2026-03-31"}