{"value_line": 4.402737809187279, "quality_score": 47.88666666666666, "total_share": 7075000000.0, "eps_excl": 0.09681978798586573, "yoy": 0.33520000000000005, "latest_report": "2026-03-31"}