{"value_line": 15.575530799475754, "quality_score": 54.02763652249891, "total_share": 1907500000.0, "eps_excl": 0.7208387942332897, "yoy": 0.1744, "latest_report": "2026-03-31"}