{"value_line": 4.001061528150134, "quality_score": 15.0, "total_share": 1536760000.0, "eps_excl": 0.01764745308310992, "yoy": -0.314, "latest_report": "2026-03-31"}