{"value_line": 52.459634754331496, "quality_score": 58.295, "total_share": 754667069.7604111, "eps_excl": 2.6117477215823737, "yoy": 0.042199999999999994, "latest_report": "2026-03-31"}