{"value_line": 7.398831521739131, "quality_score": 18.544157608695652, "total_share": 1187096774.1935484, "eps_excl": 0.2417663043478261, "yoy": -0.8722, "latest_report": "2026-03-31"}