{"value_line": 1.7068384466829065, "quality_score": 7.5, "total_share": 176959223.30097088, "eps_excl": 0.08536768933658129, "yoy": -3.6412999999999998, "latest_report": "2026-03-31"}