{"value_line": 30.5908941595092, "quality_score": 60.83083333333333, "total_share": 490963855.42168677, "eps_excl": 1.6477791411042944, "yoy": -0.0429, "latest_report": "2026-03-31"}