{"value_line": 11.358249615482901, "quality_score": 26.869944857793932, "total_share": 163276896.55172414, "eps_excl": 0.5747977943117574, "yoy": -0.22089999999999999, "latest_report": "2026-03-31"}