{"value_line": 30.598693387891892, "quality_score": 73.65343513513514, "total_share": 120652173.91304348, "eps_excl": 0.7461374054054054, "yoy": 0.6778, "latest_report": "2026-03-31"}