{"value_line": 24.186069314079422, "quality_score": 59.057586642599276, "total_share": 142051282.05128205, "eps_excl": 0.46230346570397113, "yoy": 1.0289, "latest_report": "2026-03-31"}