{"value_line": 20.918658714652956, "quality_score": 50.73839331619537, "total_share": 381372549.01960784, "eps_excl": 0.964935732647815, "yoy": 0.0134, "latest_report": "2026-03-31"}