{"value_line": 32.994667772046185, "quality_score": 72.08916666666667, "total_share": 1801327433.6283188, "eps_excl": 2.0124048145418816, "yoy": 0.1501, "latest_report": "2026-03-31"}