{"value_line": 34.242140845070416, "quality_score": 71.475, "total_share": 110937500.0, "eps_excl": 1.8478873239436617, "yoy": 0.011000000000000001, "latest_report": "2026-03-31"}