{"value_line": 3.34101512455516, "quality_score": 49.404999999999994, "total_share": 730600000.0, "eps_excl": 0.00879414180125924, "yoy": 0.48979999999999996, "latest_report": "2026-03-31"}