{"value_line": 22.023661971830986, "quality_score": 40.39673708920188, "total_share": 213000000.0, "eps_excl": 0.6338028169014085, "yoy": 0.1066, "latest_report": "2026-03-31"}