{"value_line": 8.572543195577328, "quality_score": 24.912715977886638, "total_share": 329729523.8095238, "eps_excl": 0.19650863911546548, "yoy": -0.6238, "latest_report": "2026-03-31"}