{"value_line": 33.35486391152503, "quality_score": 67.7125, "total_share": 401401869.1588785, "eps_excl": 2.070244470314319, "yoy": -0.0535, "latest_report": "2026-03-31"}