{"value_line": 6.438477052416273, "quality_score": 26.842385262081365, "total_share": 293340322.58064514, "eps_excl": 0.27369541048325463, "yoy": -0.7723, "latest_report": "2026-03-31"}