{"value_line": 36.9458024691358, "quality_score": 50.0, "total_share": 239644970.4142012, "eps_excl": 1.5731604938271604, "yoy": -0.8349, "latest_report": "2026-03-31"}