{"value_line": 6.63207192448904, "quality_score": 15.0, "total_share": 175469280.280866, "eps_excl": 0.0724143848978081, "yoy": -0.7837000000000001, "latest_report": "2026-03-31"}