{"value_line": 22.320209829406988, "quality_score": 46.95572705117791, "total_share": 946923076.9230769, "eps_excl": 1.0782290820471163, "yoy": -0.18289999999999998, "latest_report": "2026-03-31"}