{"value_line": 33.979983999999995, "quality_score": 57.873333333333335, "total_share": 111111111.11111113, "eps_excl": 1.6559999999999997, "yoy": -0.09359999999999999, "latest_report": "2026-03-31"}