{"value_line": 3.8122429906542052, "quality_score": 17.161214953271028, "total_share": 563157894.7368422, "eps_excl": 0.1864485981308411, "yoy": -1.0090999999999999, "latest_report": "2026-03-31"}