{"value_line": 6.518016371529695, "quality_score": 26.52018875883619, "total_share": 275307200.0, "eps_excl": 0.20667421702011426, "yoy": -0.0768, "latest_report": "2026-03-31"}