{"value_line": 48.41608695652174, "quality_score": 96.28260869565217, "total_share": 109523809.52380952, "eps_excl": 1.3513043478260869, "yoy": 4.3456, "latest_report": "2026-03-31"}