{"value_line": 44.299746236559145, "quality_score": 65.0, "total_share": 261562499.99999994, "eps_excl": 3.089127837514935, "yoy": -0.3529, "latest_report": "2026-03-31"}