{"value_line": 6.6689346652927926, "quality_score": 22.5, "total_share": 245395714.28571427, "eps_excl": 0.04978693305855848, "yoy": -1.6891, "latest_report": "2026-03-31"}