{"value_line": 8.033983572895277, "quality_score": 36.91991786447639, "total_share": 608750000.0, "eps_excl": 0.6767967145790554, "yoy": -0.5154, "latest_report": "2026-03-31"}