{"value_line": 61.127101884558456, "quality_score": 75.54666666666667, "total_share": 1008457711.4427862, "eps_excl": 3.216793290577207, "yoy": 0.0808, "latest_report": "2026-03-31"}