{"value_line": 11.15427927927928, "quality_score": 47.81531531531532, "total_share": 270731707.3170732, "eps_excl": 0.8126126126126125, "yoy": -0.2525, "latest_report": "2026-03-31"}