{"value_line": 37.414711855670106, "quality_score": 82.99916666666667, "total_share": 277142857.14285713, "eps_excl": 1.6561855670103094, "yoy": 0.4657, "latest_report": "2026-03-31"}