{"value_line": 17.388402040816327, "quality_score": 48.656207482993196, "total_share": 219402985.07462686, "eps_excl": 0.610748299319728, "yoy": 0.1295, "latest_report": "2026-03-31"}