{"value_line": 14.845824107485605, "quality_score": 34.726007677543194, "total_share": 572527472.5274725, "eps_excl": 0.8890403071017275, "yoy": -0.23559999999999998, "latest_report": "2026-03-31"}