{"value_line": 16.08437297297297, "quality_score": 30.674436936936935, "total_share": 156338028.16901413, "eps_excl": 0.6908108108108106, "yoy": -0.08449999999999999, "latest_report": "2026-03-31"}