{"value_line": 4.647985668464332, "quality_score": 15.0, "total_share": 212003333.33333334, "eps_excl": 0.07231112718353484, "yoy": -0.2975, "latest_report": "2026-03-31"}