{"value_line": 8.061879999999999, "quality_score": 58.09287356321839, "total_share": 305263157.8947368, "eps_excl": 0.3734482758620689, "yoy": 0.2644, "latest_report": "2026-03-31"}