{"value_line": 27.55369176217833, "quality_score": 73.4421147027229, "total_share": 108821034.48275863, "eps_excl": 0.7376845881089166, "yoy": 2.1227, "latest_report": "2026-03-31"}