{"value_line": 56.19092278719397, "quality_score": 85.0, "total_share": 896959459.4594594, "eps_excl": 2.2665461393596984, "yoy": 51.8016, "latest_report": "2026-03-31"}