{"value_line": 13.808689873417721, "quality_score": 32.979204339963836, "total_share": 1005454545.4545454, "eps_excl": 0.5191681735985534, "yoy": -0.2895, "latest_report": "2026-03-31"}