{"value_line": 13.725672634328362, "quality_score": 65.08985074626867, "total_share": 312354312.3543123, "eps_excl": 0.6306940298507464, "yoy": 0.2741, "latest_report": "2026-03-31"}