{"value_line": 17.299625, "quality_score": 43.57763157894737, "total_share": 191919191.91919193, "eps_excl": 0.9431052631578947, "yoy": -0.2875, "latest_report": "2026-03-31"}