{"value_line": 8.48260840321282, "quality_score": 22.2130420160641, "total_share": 185167272.72727272, "eps_excl": 0.388521680642564, "yoy": -2.6471, "latest_report": "2026-03-31"}