{"value_line": 25.931784800000003, "quality_score": 43.22, "total_share": 231481481.48148146, "eps_excl": 0.9288000000000001, "yoy": -0.3129, "latest_report": "2026-03-31"}