{"value_line": 12.99747063165401, "quality_score": 28.287353158270054, "total_share": 133221666.66666666, "eps_excl": 0.6314941263308022, "yoy": -1.199, "latest_report": "2026-03-31"}