{"value_line": 12.594939130434785, "quality_score": 56.6936231884058, "total_share": 250909090.90909088, "eps_excl": 0.510144927536232, "yoy": 0.3104, "latest_report": "2026-03-31"}