{"value_line": 11.80976440400493, "quality_score": 52.112205505006166, "total_share": 223483103.44827586, "eps_excl": 0.18448822020024658, "yoy": 1.4478, "latest_report": "2026-03-31"}