{"value_line": 26.958885367412137, "quality_score": 75.78, "total_share": 1311976047.9041917, "eps_excl": 1.6379872204472843, "yoy": 0.0848, "latest_report": "2026-03-31"}