{"value_line": 9.578, "quality_score": 27.840000000000003, "total_share": 357142857.14285713, "eps_excl": 0.31360000000000005, "yoy": -0.6122, "latest_report": "2026-03-31"}