{"value_line": 74.11490212581344, "quality_score": 57.5, "total_share": 146581875.99364072, "eps_excl": 6.030759219088936, "yoy": -0.48340000000000005, "latest_report": "2026-03-31"}