{"value_line": 16.138818333333333, "quality_score": 47.18055555555556, "total_share": 189473684.21052632, "eps_excl": 1.0872222222222223, "yoy": -0.3811, "latest_report": "2026-03-31"}