{"value_line": 30.336276201117318, "quality_score": 44.59936219739292, "total_share": 147933884.29752067, "eps_excl": 0.9734078212290502, "yoy": 0.0331, "latest_report": "2026-03-31"}