{"value_line": 14.805633846153846, "quality_score": 49.28089743589744, "total_share": 177272727.27272725, "eps_excl": 0.6374358974358975, "yoy": 0.0002, "latest_report": "2026-03-31"}