{"value_line": 17.689846347826087, "quality_score": 43.028260869565216, "total_share": 116161616.16161615, "eps_excl": 0.9211304347826088, "yoy": -0.3519, "latest_report": "2026-03-31"}