{"value_line": 12.643279220779222, "quality_score": 23.94480519480519, "total_share": 308000000.0, "eps_excl": 0.4577922077922078, "yoy": -0.14300000000000002, "latest_report": "2026-03-31"}