{"value_line": 7.758234779432824, "quality_score": 57.5, "total_share": 211437222.22222224, "eps_excl": 0.09291173897164116, "yoy": 3.3852999999999995, "latest_report": "2026-03-31"}