{"value_line": 16.192415519399248, "quality_score": 51.66207759699624, "total_share": 574820143.8848921, "eps_excl": 1.2664831038798499, "yoy": -1.0873, "latest_report": "2026-03-31"}