{"value_line": 17.326068376068378, "quality_score": 30.03034188034188, "total_share": 460629921.2598425, "eps_excl": 0.7012136752136752, "yoy": -3.4916, "latest_report": "2026-03-31"}