{"value_line": 11.953761467889908, "quality_score": 31.01880733944954, "total_share": 347133757.96178347, "eps_excl": 0.4407522935779816, "yoy": -0.9159, "latest_report": "2026-03-31"}