{"value_line": 6.988815935708709, "quality_score": 24.465497695968573, "total_share": 307059278.3505155, "eps_excl": 0.17861990783874293, "yoy": -0.1273, "latest_report": "2026-03-31"}