{"value_line": 37.56530101631192, "quality_score": 63.072053058103975, "total_share": 67283950.61728396, "eps_excl": 1.3996487889908256, "yoy": 0.1671, "latest_report": "2026-03-31"}