{"value_line": 9.342550358724504, "quality_score": 68.09068794840563, "total_share": 355077500.0, "eps_excl": 0.22362751793622518, "yoy": 3.4802999999999997, "latest_report": "2026-03-31"}