{"value_line": 59.99090837282781, "quality_score": 64.24333333333334, "total_share": 506399999.99999994, "eps_excl": 3.6038704581358614, "yoy": 0.015600000000000001, "latest_report": "2026-03-31"}