{"value_line": 6.574999999999999, "quality_score": 38.675, "total_share": 1000000000.0, "eps_excl": 0.447, "yoy": -0.6815000000000001, "latest_report": "2026-03-31"}