{"value_line": 7.9682154527559055, "quality_score": 15.0, "total_share": 461818181.81818175, "eps_excl": 0.08364309055118112, "yoy": -1.4824000000000002, "latest_report": "2026-03-31"}