{"value_line": 36.06805309734513, "quality_score": 50.0, "total_share": 91129032.25806451, "eps_excl": 2.2276106194690266, "yoy": -1.0249, "latest_report": "2026-03-31"}