{"value_line": 11.77248032480778, "quality_score": 40.591265436811966, "total_share": 146447454.54545453, "eps_excl": 0.5236506174724785, "yoy": -0.2834, "latest_report": "2026-03-31"}