{"value_line": 9.972591917045454, "quality_score": 31.07724431818182, "total_share": 467173951.5130065, "eps_excl": 0.4430897727272727, "yoy": -0.2727, "latest_report": "2026-03-31"}