{"value_line": 28.340399901719902, "quality_score": 77.27376535626536, "total_share": 257594936.70886075, "eps_excl": 1.3742506142506143, "yoy": 0.1643, "latest_report": "2026-03-31"}