{"value_line": 8.660305769230769, "quality_score": 19.501528846153846, "total_share": 335483870.96774197, "eps_excl": 0.2800611538461538, "yoy": -0.6459, "latest_report": "2026-03-31"}