{"value_line": 57.824739024390254, "quality_score": 57.5, "total_share": 79975032.18507391, "eps_excl": 4.6389478048780495, "yoy": -0.7038, "latest_report": "2026-03-31"}