{"value_line": 22.72464319185825, "quality_score": 31.304384506447523, "total_share": 139724250.0, "eps_excl": 0.35667538025790085, "yoy": 0.0695, "latest_report": "2026-03-31"}