{"value_line": 12.747541589041095, "quality_score": 49.93440639269406, "total_share": 960526315.7894737, "eps_excl": 0.3321095890410959, "yoy": 0.3994, "latest_report": "2026-03-31"}