{"value_line": 109.80942192788817, "quality_score": 85.0, "total_share": 308863636.3636363, "eps_excl": 4.02766740250184, "yoy": 0.5304, "latest_report": "2026-03-31"}