{"value_line": 7.070318582857142, "quality_score": 36.12924761904762, "total_share": 814711359.4040968, "eps_excl": 0.14483657142857143, "yoy": 0.243, "latest_report": "2026-03-31"}