{"value_line": 20.16667243243243, "quality_score": 61.533783783783775, "total_share": 160869565.21739134, "eps_excl": 1.361351351351351, "yoy": -0.2576, "latest_report": "2026-03-31"}