{"value_line": 24.19171448275862, "quality_score": 65.0, "total_share": 161111111.1111111, "eps_excl": 1.6013793103448277, "yoy": -0.2087, "latest_report": "2026-03-31"}