{"value_line": 4.839940607210627, "quality_score": 18.605313092979127, "total_share": 2026923076.9230766, "eps_excl": 0.24421252371916513, "yoy": -0.3899, "latest_report": "2026-03-31"}