{"value_line": 27.9488375817757, "quality_score": 72.34416666666667, "total_share": 478212290.5027933, "eps_excl": 1.6248014018691588, "yoy": 0.0259, "latest_report": "2026-03-31"}