{"value_line": 4.562813559322034, "quality_score": 50.21601694915254, "total_share": 994102780.1179444, "eps_excl": 0.1086406779661017, "yoy": 1.7829, "latest_report": "2026-03-31"}