{"value_line": 2.4671737228990063, "quality_score": 15.0, "total_share": 593766666.6666667, "eps_excl": 0.01580267220569247, "yoy": -0.3218, "latest_report": "2026-03-31"}