{"value_line": 10.284754098360656, "quality_score": 28.32377049180328, "total_share": 554545454.5454545, "eps_excl": 0.6329508196721312, "yoy": -0.5657, "latest_report": "2026-03-31"}