{"value_line": 29.064978267716533, "quality_score": 57.579048556430436, "total_share": 107627118.64406781, "eps_excl": 1.0777952755905509, "yoy": 0.0823, "latest_report": "2026-03-31"}