{"value_line": 17.779349137931035, "quality_score": 33.59913793103448, "total_share": 195505617.9775281, "eps_excl": 0.8439655172413792, "yoy": -0.2145, "latest_report": "2026-03-31"}