{"value_line": 4.831453361381013, "quality_score": 20.267500000000002, "total_share": 322546000.0, "eps_excl": 0.06881282049692138, "yoy": -0.0097, "latest_report": "2026-03-31"}