{"value_line": 13.654690028653295, "quality_score": 55.888744030563515, "total_share": 684313725.4901961, "eps_excl": 0.4690830945558739, "yoy": 0.31420000000000003, "latest_report": "2026-03-31"}