{"value_line": 8.61540191589685, "quality_score": 33.15055359216466, "total_share": 293568076.9230769, "eps_excl": 0.23038881035325315, "yoy": 0.026699999999999998, "latest_report": "2026-03-31"}