{"value_line": 6.110689655172415, "quality_score": 31.85344827586207, "total_share": 316363636.3636363, "eps_excl": 0.4741379310344828, "yoy": -0.7978000000000001, "latest_report": "2026-03-31"}