{"value_line": 28.76189918367347, "quality_score": 78.76593537414966, "total_share": 120491803.27868852, "eps_excl": 1.170204081632653, "yoy": 0.40590000000000004, "latest_report": "2026-03-31"}