{"value_line": 5.749672758620689, "quality_score": 36.75431034482759, "total_share": 305263157.8947368, "eps_excl": 0.3701724137931034, "yoy": -0.2734, "latest_report": "2026-03-31"}