{"value_line": 5.429464547043334, "quality_score": 37.91166666666667, "total_share": 320238313.4738772, "eps_excl": 0.09272157249985688, "yoy": 0.1642, "latest_report": "2026-03-31"}