{"value_line": 47.87027986348124, "quality_score": 77.51833333333333, "total_share": 567096774.1935483, "eps_excl": 2.8566552901023896, "yoy": 0.11460000000000001, "latest_report": "2026-03-31"}