{"value_line": 19.123791067961164, "quality_score": 64.14223883495146, "total_share": 234090909.0909091, "eps_excl": 0.3656895533980582, "yoy": 1.3252000000000002, "latest_report": "2026-03-31"}