{"value_line": 34.697906141732275, "quality_score": 76.62, "total_share": 151190476.1904762, "eps_excl": 1.5609448818897635, "yoy": 0.0992, "latest_report": "2026-03-31"}