{"value_line": 15.01565986394558, "quality_score": 42.56235827664399, "total_share": 441000000.0, "eps_excl": 0.9024943310657596, "yoy": -0.20379999999999998, "latest_report": "2026-03-31"}