{"value_line": 16.374292182557618, "quality_score": 51.04812471757795, "total_share": 1689312977.0992365, "eps_excl": 1.241924988703118, "yoy": -0.40299999999999997, "latest_report": "2026-03-31"}