{"value_line": 22.95644828532236, "quality_score": 55.47153635116598, "total_share": 482781456.95364237, "eps_excl": 1.4188614540466393, "yoy": -0.4632, "latest_report": "2026-03-31"}