{"value_line": 18.61345986111111, "quality_score": 83.48180555555555, "total_share": 423529411.7647059, "eps_excl": 0.9893055555555557, "yoy": 0.4357, "latest_report": "2026-03-31"}