{"value_line": 22.697125307125305, "quality_score": 65.0, "total_share": 862288135.5932205, "eps_excl": 2.261425061425061, "yoy": -0.6925, "latest_report": "2026-03-31"}