{"value_line": 29.205250647482014, "quality_score": 84.78407673860912, "total_share": 380821917.8082192, "eps_excl": 1.4494964028776978, "yoy": 0.2608, "latest_report": "2026-03-31"}