{"value_line": 20.640589195652176, "quality_score": 54.48311594202899, "total_share": 730158730.15873, "eps_excl": 1.0668913043478263, "yoy": 0.0339, "latest_report": "2026-03-31"}