{"value_line": 17.02015113350126, "quality_score": 51.6007556675063, "total_share": 381730769.2307692, "eps_excl": 0.964030226700252, "yoy": -0.6052000000000001, "latest_report": "2026-03-31"}