{"value_line": 15.082647058823529, "quality_score": 36.213235294117645, "total_share": 194285714.2857143, "eps_excl": 0.6485294117647058, "yoy": -0.9255, "latest_report": "2026-03-31"}