{"value_line": 32.51951138273492, "quality_score": 68.22, "total_share": 606018518.5185184, "eps_excl": 2.013139801375096, "yoy": -0.044800000000000006, "latest_report": "2026-03-31"}