{"value_line": 17.152434367541765, "quality_score": 68.02804295942721, "total_share": 1523636363.6363637, "eps_excl": 0.5211217183770883, "yoy": 1.7106999999999999, "latest_report": "2026-03-31"}