{"value_line": 24.20027927927928, "quality_score": 55.73840090090089, "total_share": 181967213.11475414, "eps_excl": 0.7693693693693692, "yoy": 0.3115, "latest_report": "2026-03-31"}