{"value_line": 7.603044555029127, "quality_score": 18.577179805825242, "total_share": 339038841.3429888, "eps_excl": 0.24308719223300973, "yoy": -0.26649999999999996, "latest_report": "2026-03-31"}