{"value_line": 7.89619104477612, "quality_score": 53.338706467661694, "total_share": 335000000.0, "eps_excl": 0.3970149253731343, "yoy": 0.1728, "latest_report": "2026-03-31"}