{"value_line": 10.386412738853503, "quality_score": 46.942754777070064, "total_share": 266101694.91525427, "eps_excl": 0.5712101910828025, "yoy": -0.0115, "latest_report": "2026-03-31"}