{"value_line": 1.5371361904595062, "quality_score": 32.068333333333335, "total_share": 285415000.0, "eps_excl": 0.05929366010896414, "yoy": 0.19260000000000002, "latest_report": "2026-03-31"}