{"value_line": 18.154108313721853, "quality_score": 33.74984415011038, "total_share": 181927710.8433735, "eps_excl": 0.3504270993377483, "yoy": 0.11410000000000001, "latest_report": "2026-03-31"}