{"value_line": 10.064300606060606, "quality_score": 39.10606060606061, "total_share": 380769230.7692308, "eps_excl": 0.7642424242424242, "yoy": -0.1764, "latest_report": "2026-03-31"}