{"value_line": 49.686621804697154, "quality_score": 65.0, "total_share": 1200296735.9050446, "eps_excl": 3.2575278121137203, "yoy": -0.27440000000000003, "latest_report": "2026-03-31"}