{"value_line": 35.434097688944405, "quality_score": 94.23666666666666, "total_share": 762380952.3809525, "eps_excl": 2.0685196752029977, "yoy": 0.4012, "latest_report": "2026-03-31"}