{"value_line": 9.218430161290321, "quality_score": 63.12142473118279, "total_share": 432558139.53488374, "eps_excl": 0.3629569892473118, "yoy": 0.35509999999999997, "latest_report": "2026-03-31"}