{"value_line": 39.40533487804878, "quality_score": 59.85130081300812, "total_share": 138983050.84745765, "eps_excl": 1.2015853658536584, "yoy": 0.0682, "latest_report": "2026-03-31"}