{"value_line": 9.996701976914297, "quality_score": 25.576929179263793, "total_share": 365559600.0, "eps_excl": 0.22307716717055168, "yoy": -0.19010000000000002, "latest_report": "2026-03-31"}