{"value_line": 26.602320819112627, "quality_score": 77.55290102389078, "total_share": 261607142.85714284, "eps_excl": 0.9021160409556315, "yoy": 8.6024, "latest_report": "2026-03-31"}