{"value_line": 22.25453967365967, "quality_score": 44.420745920745915, "total_share": 256886227.5449102, "eps_excl": 1.2768298368298368, "yoy": -0.24230000000000002, "latest_report": "2026-03-31"}