{"value_line": 11.036767316566038, "quality_score": 48.00387555031446, "total_share": 179661016.94915256, "eps_excl": 0.48322168867924525, "yoy": 0.0444, "latest_report": "2026-03-31"}