{"value_line": 19.099969032258066, "quality_score": 64.42720430107528, "total_share": 281818181.8181818, "eps_excl": 0.7593548387096775, "yoy": 0.2076, "latest_report": "2026-03-31"}