{"value_line": 7.463551274186124, "quality_score": 18.65122399558801, "total_share": 192620607.028754, "eps_excl": 0.24604895982352037, "yoy": -0.4255, "latest_report": "2026-03-31"}