{"value_line": 8.644685394232873, "quality_score": 37.89140611013988, "total_share": 105223488.37209302, "eps_excl": 0.4156562444055952, "yoy": -0.2266, "latest_report": "2026-03-31"}