{"value_line": 15.387575107296136, "quality_score": 58.67712804005722, "total_share": 332857142.85714287, "eps_excl": 0.6429184549356223, "yoy": 0.2875, "latest_report": "2026-03-31"}