{"value_line": 16.095625, "quality_score": 35.778125, "total_share": 470588235.2941176, "eps_excl": 0.631125, "yoy": -0.7071999999999999, "latest_report": "2026-03-31"}