{"value_line": 11.967111677419354, "quality_score": 33.75379032258064, "total_share": 418918918.9189189, "eps_excl": 0.3604516129032258, "yoy": -0.0187, "latest_report": "2026-03-31"}