{"value_line": 4.954125409641942, "quality_score": 23.0471557538386, "total_share": 388463076.923077, "eps_excl": 0.12188623015354393, "yoy": -0.21719999999999998, "latest_report": "2026-03-31"}