{"value_line": 5.9155603281668405, "quality_score": 18.077801640834206, "total_share": 273496190.4761905, "eps_excl": 0.22311206563336825, "yoy": -0.8948999999999999, "latest_report": "2026-03-31"}