{"value_line": 3.249045657728891, "quality_score": 42.5, "total_share": 362972500.00000006, "eps_excl": 0.03195228288644456, "yoy": 5.0611, "latest_report": "2026-03-31"}