{"value_line": 10.794964390862944, "quality_score": 71.42063028764805, "total_share": 838297872.3404256, "eps_excl": 0.4377918781725888, "yoy": 0.4653, "latest_report": "2026-03-31"}