{"value_line": 9.058101463414634, "quality_score": 46.24138211382113, "total_share": 361764705.8823529, "eps_excl": 0.3151219512195122, "yoy": 0.2148, "latest_report": "2026-03-31"}