{"value_line": 11.213480184331798, "quality_score": 47.7327534562212, "total_share": 542500000.0, "eps_excl": 0.38341013824884795, "yoy": 0.21109999999999998, "latest_report": "2026-03-31"}