{"value_line": 7.914420862543686, "quality_score": 23.272104312718433, "total_share": 182048750.00000003, "eps_excl": 0.13088417250873732, "yoy": -0.8669, "latest_report": "2026-03-31"}