{"value_line": 24.392961186943623, "quality_score": 74.47244559841741, "total_share": 2106249999.9999998, "eps_excl": 1.0535311572700299, "yoy": 0.3823, "latest_report": "2026-03-31"}