{"value_line": 36.93976703383163, "quality_score": 83.52250000000001, "total_share": 687027027.027027, "eps_excl": 1.8252557041699449, "yoy": 0.3461, "latest_report": "2026-03-31"}