{"value_line": 5.299556339567268, "quality_score": 50.0, "total_share": 246376923.0769231, "eps_excl": 0.027477816978363354, "yoy": 4.2816, "latest_report": "2026-03-31"}