{"value_line": 16.355970515463916, "quality_score": 62.35894329896907, "total_share": 786486486.4864866, "eps_excl": 0.7552577319587628, "yoy": 0.1739, "latest_report": "2026-03-31"}