{"value_line": 11.261228285714287, "quality_score": 20.164285714285715, "total_share": 362068965.5172414, "eps_excl": 0.3065714285714286, "yoy": -0.20370000000000002, "latest_report": "2026-03-31"}