{"value_line": 6.847569374427815, "quality_score": 24.121666666666666, "total_share": 550832857.1428571, "eps_excl": 0.0967416872631833, "yoy": -0.0722, "latest_report": "2026-03-31"}