{"value_line": 5.48647903030303, "quality_score": 28.971212121212123, "total_share": 2129032258.064516, "eps_excl": 0.35884848484848486, "yoy": -0.1176, "latest_report": "2026-03-31"}