{"value_line": 7.7862599999999995, "quality_score": 18.0, "total_share": 586363636.3636364, "eps_excl": 0.22, "yoy": -0.1017, "latest_report": "2026-03-31"}