{"value_line": 12.379159708737863, "quality_score": 51.371189320388346, "total_share": 2060000000.0, "eps_excl": 0.7917475728155339, "yoy": -0.0301, "latest_report": "2026-03-31"}