{"value_line": 9.57889369613565, "quality_score": 50.65959734900537, "total_share": 418971898.560658, "eps_excl": 0.12638389396021463, "yoy": 0.9614, "latest_report": "2026-03-31"}