{"value_line": 69.05533301435406, "quality_score": 73.63333333333333, "total_share": 158681952.77503607, "eps_excl": 3.6236004784688993, "yoy": 0.048, "latest_report": "2026-03-31"}