{"value_line": 11.950288049368734, "quality_score": 16.501440246843664, "total_share": 279308181.8181818, "eps_excl": 0.1600576098737465, "yoy": -7.5823, "latest_report": "2026-03-31"}