{"value_line": 15.131724137931034, "quality_score": 31.25862068965517, "total_share": 170588235.29411766, "eps_excl": 0.7503448275862068, "yoy": -0.6908, "latest_report": "2026-03-31"}