{"value_line": 13.934635932203392, "quality_score": 37.355932203389834, "total_share": 184375000.0, "eps_excl": 0.6942372881355933, "yoy": -0.15380000000000002, "latest_report": "2026-03-31"}