{"value_line": 6.740574214351913, "quality_score": 50.03821776793989, "total_share": 373031428.5714285, "eps_excl": 0.10152871071759563, "yoy": 50.4095, "latest_report": "2026-03-31"}