{"value_line": 3.7707320857422704, "quality_score": 57.5, "total_share": 288422500.0, "eps_excl": 0.033036604287113525, "yoy": 1.8249000000000002, "latest_report": "2026-03-31"}