{"value_line": 13.087141990960793, "quality_score": 61.09642748870099, "total_share": 198614680.85106385, "eps_excl": 0.24385709954803964, "yoy": 1.9019, "latest_report": "2026-03-31"}