{"value_line": 18.472586666666665, "quality_score": 55.635555555555555, "total_share": 222680412.371134, "eps_excl": 0.8622222222222222, "yoy": 0.0128, "latest_report": "2026-03-31"}