{"value_line": 8.303640604026846, "quality_score": 20.780201342281877, "total_share": 425714285.71428573, "eps_excl": 0.33120805369127515, "yoy": -0.2773, "latest_report": "2026-03-31"}