{"value_line": 29.657012563570568, "quality_score": 65.0, "total_share": 402935744.14309317, "eps_excl": 1.9928735826296742, "yoy": -0.2284, "latest_report": "2026-03-31"}