{"value_line": 25.787414610069103, "quality_score": 60.341461006910166, "total_share": 708391608.3916085, "eps_excl": 1.2916584402764066, "yoy": 0.038, "latest_report": "2026-03-31"}