{"value_line": 7.29209207418899, "quality_score": 22.910460370944953, "total_share": 230002272.72727272, "eps_excl": 0.11641841483779805, "yoy": -0.9417, "latest_report": "2026-03-31"}