{"value_line": 44.66394091136705, "quality_score": 50.0, "total_share": 605151515.1515151, "eps_excl": 2.8587881822734102, "yoy": -0.5920000000000001, "latest_report": "2026-03-31"}