{"value_line": 16.958271719298246, "quality_score": 75.58070175438596, "total_share": 445312500.0, "eps_excl": 0.5232280701754386, "yoy": 0.8287, "latest_report": "2026-03-31"}