{"value_line": 2.4569772809211097, "quality_score": 7.551196779594677, "total_share": 108207058.8235294, "eps_excl": 0.10204787118378708, "yoy": -0.4542, "latest_report": "2026-03-31"}