{"value_line": 19.052448984374998, "quality_score": 55.120351562500005, "total_share": 433898305.08474576, "eps_excl": 1.0394140625, "yoy": 0.056600000000000004, "latest_report": "2026-03-31"}