{"value_line": 48.225087384615385, "quality_score": 100, "total_share": 419354838.7096774, "eps_excl": 2.406076923076923, "yoy": 0.5384, "latest_report": "2026-03-31"}