{"value_line": 31.38097027932961, "quality_score": 57.5, "total_share": 813636363.6363635, "eps_excl": 2.0021229050279334, "yoy": -0.10640000000000001, "latest_report": "2026-03-31"}