{"value_line": 17.805254618473896, "quality_score": 43.91325301204819, "total_share": 256701030.92783508, "eps_excl": 0.8258634538152609, "yoy": -0.044000000000000004, "latest_report": "2026-03-31"}