{"value_line": 12.65024975, "quality_score": 58.33354166666667, "total_share": 727272727.2727273, "eps_excl": 0.6448750000000001, "yoy": 0.1522, "latest_report": "2026-03-31"}