{"value_line": 7.999674285714286, "quality_score": 19.035714285714285, "total_share": 2566666666.666667, "eps_excl": 0.2614285714285714, "yoy": -0.3116, "latest_report": "2026-03-31"}