{"value_line": 8.854878048780488, "quality_score": 20.524390243902438, "total_share": 436170212.7659574, "eps_excl": 0.32097560975609757, "yoy": -3.7969999999999997, "latest_report": "2026-03-31"}