{"value_line": 21.616535192061068, "quality_score": 43.70608269720101, "total_share": 915699706.416888, "eps_excl": 1.227476641221374, "yoy": -0.0911, "latest_report": "2026-03-31"}