{"value_line": 9.796721968992426, "quality_score": 50.0, "total_share": 200993076.92307693, "eps_excl": 0.06583609844962131, "yoy": 2.2546, "latest_report": "2026-03-31"}