{"value_line": 15.039328588957053, "quality_score": 61.59156952965235, "total_share": 1358333333.3333335, "eps_excl": 0.8304294478527606, "yoy": 0.2571, "latest_report": "2026-03-31"}