{"value_line": 15.955083243243244, "quality_score": 38.81081081081082, "total_share": 336363636.3636363, "eps_excl": 1.0524324324324326, "yoy": -0.1168, "latest_report": "2026-03-31"}