{"value_line": 10.386235294117647, "quality_score": 36.42156862745098, "total_share": 510000000.0, "eps_excl": 0.3568627450980392, "yoy": -0.166, "latest_report": "2026-03-31"}