{"value_line": 10.247341747536273, "quality_score": 31.136708737681367, "total_share": 162666326.53061226, "eps_excl": 0.4454683495072547, "yoy": -0.961, "latest_report": "2026-03-31"}