{"value_line": 5.117545267343606, "quality_score": 42.5, "total_share": 219068888.8888889, "eps_excl": 0.06937726336718028, "yoy": 7.7049, "latest_report": "2026-03-31"}