{"value_line": 25.021135714285712, "quality_score": 65.0, "total_share": 205882352.94117647, "eps_excl": 1.5397142857142856, "yoy": -0.1725, "latest_report": "2026-03-31"}