{"value_line": 25.96104783459214, "quality_score": 71.68880979324018, "total_share": 67057058.82352941, "eps_excl": 0.667552391729607, "yoy": 2.0498, "latest_report": "2026-03-31"}