{"value_line": 12.446727684729064, "quality_score": 42.816486042692944, "total_share": 398039215.68627447, "eps_excl": 0.4949261083743843, "yoy": 0.2076, "latest_report": "2026-03-31"}