{"value_line": 6.969679757400722, "quality_score": 30.136287605294825, "total_share": 861318407.960199, "eps_excl": 0.3041848375451264, "yoy": -0.056600000000000004, "latest_report": "2026-03-31"}