{"value_line": 8.35507524229075, "quality_score": 41.62424375917768, "total_share": 1261111111.1111112, "eps_excl": 0.3259030837004406, "yoy": 0.2596, "latest_report": "2026-03-31"}