{"value_line": 4.698729298393179, "quality_score": 15.0, "total_share": 250749090.90909088, "eps_excl": 0.08174585967863567, "yoy": -0.6225999999999999, "latest_report": "2026-03-31"}