{"value_line": 4.909863424201202, "quality_score": 43.37916666666666, "total_share": 569960666.6666667, "eps_excl": 0.09447265951685553, "yoy": 0.3865, "latest_report": "2026-03-31"}