{"value_line": 11.236453958333334, "quality_score": 33.348958333333336, "total_share": 436363636.3636363, "eps_excl": 0.5339583333333334, "yoy": -0.1167, "latest_report": "2026-03-31"}