{"value_line": 10.107476298681771, "quality_score": 35.20289504627938, "total_share": 234773030.30303028, "eps_excl": 0.25251580185117545, "yoy": 0.0524, "latest_report": "2026-03-31"}