{"value_line": 3.562267280659677, "quality_score": 45.47333333333333, "total_share": 235733076.92307696, "eps_excl": 0.051481108032879426, "yoy": 0.4224, "latest_report": "2026-03-31"}