{"value_line": 9.79522033132152, "quality_score": 49.69051082160639, "total_share": 209267674.41860464, "eps_excl": 0.36348709953092234, "yoy": 0.2532, "latest_report": "2026-03-31"}