{"value_line": 13.241388888888888, "quality_score": 41.00694444444444, "total_share": 720000000.0, "eps_excl": 0.8402777777777778, "yoy": -0.7582, "latest_report": "2026-03-31"}