{"value_line": 8.476319859610516, "quality_score": 15.0, "total_share": 205143571.42857143, "eps_excl": 0.04726397192210333, "yoy": -4.7575, "latest_report": "2026-03-31"}