{"value_line": 72.73448321932449, "quality_score": 97.75416666666666, "total_share": 623733333.3333334, "eps_excl": 3.7211415134672934, "yoy": 0.46149999999999997, "latest_report": "2026-03-31"}