{"value_line": 9.409550638297873, "quality_score": 43.290248226950354, "total_share": 652777777.7777778, "eps_excl": 0.27727659574468083, "yoy": 0.309, "latest_report": "2026-03-31"}