{"value_line": 10.135414306569341, "quality_score": 61.82664233576642, "total_share": 472413793.10344833, "eps_excl": 0.2730656934306569, "yoy": 0.6536, "latest_report": "2026-03-31"}