{"value_line": 16.652439024390244, "quality_score": 65.47804878048781, "total_share": 427083333.3333333, "eps_excl": 0.41912195121951223, "yoy": 1.4342, "latest_report": "2026-03-31"}