{"value_line": 21.017360411311053, "quality_score": 64.14971293916024, "total_share": 324166666.6666667, "eps_excl": 1.0735218508997428, "yoy": 0.0682, "latest_report": "2026-03-31"}