{"value_line": 15.201570279245281, "quality_score": 35.36103773584905, "total_share": 398736081.85374665, "eps_excl": 0.6144415094339623, "yoy": -0.1388, "latest_report": "2026-03-31"}