{"value_line": 14.669832170212766, "quality_score": 75.82340425531915, "total_share": 379032258.0645161, "eps_excl": 0.532936170212766, "yoy": 0.7544, "latest_report": "2026-03-31"}