{"value_line": 9.364739925146788, "quality_score": 58.64342490643349, "total_share": 207532066.50831354, "eps_excl": 0.1457369962573394, "yoy": 1.7057, "latest_report": "2026-03-31"}