{"value_line": 14.503948275862069, "quality_score": 53.27491379310345, "total_share": 348000000.0, "eps_excl": 0.7068965517241379, "yoy": 0.038900000000000004, "latest_report": "2026-03-31"}