{"value_line": 11.673980539540812, "quality_score": 45.11747567442602, "total_share": 438456407.5630251, "eps_excl": 0.20469902697704062, "yoy": 1.246, "latest_report": "2026-03-31"}