{"value_line": 80.26262135922329, "quality_score": 100, "total_share": 664516129.032258, "eps_excl": 2.210631067961165, "yoy": 5.2989999999999995, "latest_report": "2026-03-31"}