{"value_line": 7.058824863387978, "quality_score": 38.220628415300546, "total_share": 851162790.6976744, "eps_excl": 0.4288251366120219, "yoy": -0.1118, "latest_report": "2026-03-31"}