{"value_line": 29.191982499999998, "quality_score": 87.41749999999999, "total_share": 400000000.0, "eps_excl": 1.6275, "yoy": 0.2843, "latest_report": "2026-03-31"}