{"value_line": 14.102585078124921, "quality_score": 41.03877706559648, "total_share": 136621820.34976155, "eps_excl": 0.4049177492905258, "yoy": 0.2157, "latest_report": "2026-03-31"}