{"value_line": 25.787923448275862, "quality_score": 39.82925287356322, "total_share": 214814814.81481478, "eps_excl": 1.0381034482758622, "yoy": -0.0764, "latest_report": "2026-03-31"}