{"value_line": 27.734248, "quality_score": 64.38474576271187, "total_share": 189102564.1025641, "eps_excl": 1.4753898305084747, "yoy": -0.1091, "latest_report": "2026-03-31"}