{"value_line": 15.567963093333333, "quality_score": 39.49033333333334, "total_share": 493421052.6315789, "eps_excl": 0.6951466666666667, "yoy": -0.0638, "latest_report": "2026-03-31"}