{"value_line": 18.194928319475633, "quality_score": 36.57335063017135, "total_share": 109846666.66666666, "eps_excl": 0.49680069187352066, "yoy": -0.0288, "latest_report": "2026-03-31"}