{"value_line": 21.07801947368421, "quality_score": 51.96217105263158, "total_share": 142056074.76635513, "eps_excl": 0.9784868421052633, "yoy": -0.1448, "latest_report": "2026-03-31"}