{"value_line": 9.443578860274236, "quality_score": 59.2794735753428, "total_share": 476193500.00000006, "eps_excl": 0.17117894301371184, "yoy": 2.3758, "latest_report": "2026-03-31"}