{"value_line": 8.7276374359583, "quality_score": 24.937738610962754, "total_share": 390636818.1818182, "eps_excl": 0.19750954443851007, "yoy": -0.1101, "latest_report": "2026-03-31"}