{"value_line": 23.557806910994763, "quality_score": 45.455497382198956, "total_share": 140441176.47058824, "eps_excl": 1.0182198952879582, "yoy": -0.2656, "latest_report": "2026-03-31"}