{"value_line": 46.338176875, "quality_score": 100, "total_share": 119402985.07462686, "eps_excl": 2.336625, "yoy": 0.6154999999999999, "latest_report": "2026-03-31"}