{"value_line": 15.154907673469387, "quality_score": 66.81326530612245, "total_share": 480392156.86274517, "eps_excl": 0.4725306122448979, "yoy": 0.6093999999999999, "latest_report": "2026-03-31"}