{"value_line": 4.492240866397831, "quality_score": 16.514318619622664, "total_share": 512774444.4444445, "eps_excl": 0.1605727447849065, "yoy": -0.4132, "latest_report": "2026-03-31"}