{"value_line": 23.105725, "quality_score": 70.0575, "total_share": 239999999.99999997, "eps_excl": 0.9250000000000003, "yoy": 0.3617, "latest_report": "2026-03-31"}