{"value_line": 9.410674782608694, "quality_score": 32.05797101449276, "total_share": 398076923.076923, "eps_excl": 0.4823188405797102, "yoy": -0.14980000000000002, "latest_report": "2026-03-31"}