{"value_line": 17.59565888324873, "quality_score": 40.977157360406096, "total_share": 414736842.1052632, "eps_excl": 0.8390862944162436, "yoy": -0.1484, "latest_report": "2026-03-31"}