{"value_line": 31.633157894736847, "quality_score": 70.82894736842105, "total_share": 211111111.1111111, "eps_excl": 0.9331578947368422, "yoy": 1.9202000000000001, "latest_report": "2026-03-31"}