{"value_line": 11.735957128161468, "quality_score": 24.27962551365379, "total_share": 175277692.3076923, "eps_excl": 0.11255168721281836, "yoy": 0.0537, "latest_report": "2026-03-31"}