{"value_line": 9.327474964054252, "quality_score": 22.218752741005442, "total_share": 133836956.52173913, "eps_excl": 0.11785010964021767, "yoy": 0.0161, "latest_report": "2026-03-31"}