{"value_line": 10.267184335664336, "quality_score": 26.05944055944056, "total_share": 510714285.7142857, "eps_excl": 0.5423776223776224, "yoy": -0.32939999999999997, "latest_report": "2026-03-31"}