{"value_line": 10.864382941176471, "quality_score": 29.471914705882355, "total_share": 261538461.53846154, "eps_excl": 0.37887658823529413, "yoy": -0.6718000000000001, "latest_report": "2026-03-31"}