{"value_line": 57.06237942857143, "quality_score": 58.28333333333333, "total_share": 120990973.68926445, "eps_excl": 1.7852571428571429, "yoy": 0.042, "latest_report": "2026-03-31"}