{"value_line": 5.245508544665366, "quality_score": 15.02754272332683, "total_share": 502247692.3076923, "eps_excl": 0.10110170893307319, "yoy": -2.1371, "latest_report": "2026-03-31"}