{"value_line": 22.188755053191493, "quality_score": 73.66648936170213, "total_share": 206593406.5934066, "eps_excl": 0.9051595744680851, "yoy": 0.3035, "latest_report": "2026-03-31"}