{"value_line": 10.967454536538462, "quality_score": 58.25546474358974, "total_share": 407076874.90214497, "eps_excl": 0.6018519230769231, "yoy": 0.1693, "latest_report": "2026-03-31"}