{"value_line": 7.8337034375, "quality_score": 23.55078125, "total_share": 163840000.0, "eps_excl": 0.14203125, "yoy": -0.2722, "latest_report": "2026-03-31"}