{"value_line": 11.79775892857143, "quality_score": 33.79464285714286, "total_share": 186666666.6666667, "eps_excl": 0.5517857142857142, "yoy": -0.1595, "latest_report": "2026-03-31"}