{"value_line": 75.6259023178808, "quality_score": 100, "total_share": 903418803.4188035, "eps_excl": 3.359460737937559, "yoy": 0.8725, "latest_report": "2026-03-31"}