{"value_line": 15.688179784917086, "quality_score": 62.32272473114636, "total_share": 191809750.0, "eps_excl": 0.2929089892458543, "yoy": 1.5683, "latest_report": "2026-03-31"}