{"value_line": 18.607725654450263, "quality_score": 42.36910994764398, "total_share": 269014084.5070423, "eps_excl": 0.5947643979057591, "yoy": -0.1429, "latest_report": "2026-03-31"}