{"value_line": 6.79620626984127, "quality_score": 46.99234126984127, "total_share": 434482758.6206897, "eps_excl": 0.23246031746031745, "yoy": 0.2631, "latest_report": "2026-03-31"}