{"value_line": 35.51130702214965, "quality_score": 31.65653511074827, "total_share": 69833218.3908046, "eps_excl": 0.7662614044299307, "yoy": -1.6181999999999999, "latest_report": "2026-03-31"}