{"value_line": 7.42461184931768, "quality_score": 60.3557648116471, "total_share": 405500909.09090906, "eps_excl": 0.21423059246588397, "yoy": 2.2747, "latest_report": "2026-03-31"}