{"value_line": 11.769323076923076, "quality_score": 46.89641025641026, "total_share": 325000000.0, "eps_excl": 0.676923076923077, "yoy": -0.0576, "latest_report": "2026-03-31"}