{"value_line": 8.640124075375399, "quality_score": 38.43013232698953, "total_share": 183160645.1612903, "eps_excl": 0.30770529307958117, "yoy": -0.044500000000000005, "latest_report": "2026-03-31"}