{"value_line": 17.025529345453673, "quality_score": 35.92764672726837, "total_share": 87774736.84210527, "eps_excl": 0.6371058690907346, "yoy": -0.5384, "latest_report": "2026-03-31"}