{"value_line": 14.75255432160804, "quality_score": 29.5127716080402, "total_share": 168644067.79661018, "eps_excl": 0.380510864321608, "yoy": -0.8759, "latest_report": "2026-03-31"}