{"value_line": 21.61532682926829, "quality_score": 62.134146341463406, "total_share": 173239436.6197183, "eps_excl": 1.3853658536585365, "yoy": -0.22870000000000001, "latest_report": "2026-03-31"}