{"value_line": 10.7103007518797, "quality_score": 54.900375939849624, "total_share": 429032258.0645161, "eps_excl": 0.29601503759398495, "yoy": 4.0371, "latest_report": "2026-03-31"}