{"value_line": 7.528291546345309, "quality_score": 15.0, "total_share": 211203615.6041865, "eps_excl": 0.04565830926906183, "yoy": -4.9965, "latest_report": "2026-03-31"}