{"value_line": 7.0139213511508185, "quality_score": 24.769606755754094, "total_share": 130733000.0, "eps_excl": 0.19078427023016378, "yoy": -0.73, "latest_report": "2026-03-31"}