{"value_line": 16.49510596491228, "quality_score": 60.63807017543859, "total_share": 417073170.73170733, "eps_excl": 0.3524561403508772, "yoy": 0.4456, "latest_report": "2026-03-31"}