{"value_line": 12.676049896049896, "quality_score": 46.23024948024948, "total_share": 441284403.6697247, "eps_excl": 1.0492099792099794, "yoy": -0.7323999999999999, "latest_report": "2026-03-31"}