{"value_line": 10.302342429990372, "quality_score": 27.191312845582754, "total_share": 223944347.82608694, "eps_excl": 0.27785251382331017, "yoy": -0.0958, "latest_report": "2026-03-31"}