{"value_line": 23.423587301587304, "quality_score": 55.56698412698413, "total_share": 143181818.1818182, "eps_excl": 0.6984126984126984, "yoy": 0.2104, "latest_report": "2026-03-31"}