{"value_line": 44.98572641509434, "quality_score": 87.94833333333332, "total_share": 212000000.0, "eps_excl": 2.3632075471698113, "yoy": 0.2934, "latest_report": "2026-03-31"}