{"value_line": 19.81325698630137, "quality_score": 74.94520547945206, "total_share": 260714285.71428573, "eps_excl": 0.7978082191780821, "yoy": 0.6399, "latest_report": "2026-03-31"}