{"value_line": 10.63824450184502, "quality_score": 24.297970479704794, "total_share": 553061224.4897959, "eps_excl": 0.4719188191881919, "yoy": -0.2566, "latest_report": "2026-03-31"}