{"value_line": 5.818088712529919, "quality_score": 25.2904435626496, "total_share": 232959199.99999997, "eps_excl": 0.21161774250598392, "yoy": -2.0261, "latest_report": "2026-03-31"}