{"value_line": 9.05287081339713, "quality_score": 27.414354066985645, "total_share": 502403846.1538462, "eps_excl": 0.2965741626794258, "yoy": -0.9338, "latest_report": "2026-03-31"}