{"value_line": 22.551075526881718, "quality_score": 71.27424731182795, "total_share": 347014925.3731344, "eps_excl": 1.3342365591397847, "yoy": 0.0786, "latest_report": "2026-03-31"}