{"value_line": 8.638673250449013, "quality_score": 25.455506182680214, "total_share": 276001428.57142854, "eps_excl": 0.21822024730720857, "yoy": -0.4782, "latest_report": "2026-03-31"}