{"value_line": 12.420303924999999, "quality_score": 33.848340773809525, "total_share": 444268147.5604919, "eps_excl": 0.29486696428571424, "yoy": 0.1396, "latest_report": "2026-03-31"}