{"value_line": 7.848282208588958, "quality_score": 28.291411042944787, "total_share": 479411764.7058823, "eps_excl": 0.33165644171779146, "yoy": -0.8963, "latest_report": "2026-03-31"}