{"value_line": 6.941641846861339, "quality_score": 23.55820923430669, "total_share": 408231333.3333334, "eps_excl": 0.14232836937226767, "yoy": -1.1457, "latest_report": "2026-03-31"}