{"value_line": 6.982101822727537, "quality_score": 24.20640624327833, "total_share": 197588500.0, "eps_excl": 0.16825624973113315, "yoy": -0.1548, "latest_report": "2026-03-31"}