{"value_line": 44.722177631578944, "quality_score": 87.95583333333333, "total_share": 86857142.85714285, "eps_excl": 1.5197368421052633, "yoy": 0.42210000000000003, "latest_report": "2026-03-31"}