{"value_line": 11.271472949553011, "quality_score": 27.045209271956885, "total_share": 83106229.50819671, "eps_excl": 0.5818083708782754, "yoy": -0.44630000000000003, "latest_report": "2026-03-31"}