{"value_line": 28.494555970149253, "quality_score": 60.72807213930347, "total_share": 191428571.42857146, "eps_excl": 1.3320895522388057, "yoy": 0.0273, "latest_report": "2026-03-31"}