{"value_line": 9.98660909090909, "quality_score": 62.15909090909091, "total_share": 408571428.5714286, "eps_excl": 0.2863636363636363, "yoy": 0.5458, "latest_report": "2026-03-31"}