{"value_line": 9.042788024786311, "quality_score": 26.613940123931563, "total_share": 137818000.0, "eps_excl": 0.2645576049572625, "yoy": -1.3448, "latest_report": "2026-03-31"}