{"value_line": 77.45770226537218, "quality_score": 100, "total_share": 279216867.4698795, "eps_excl": 2.5893851132686083, "yoy": 1.5665, "latest_report": "2026-03-31"}