{"value_line": 25.206746565555555, "quality_score": 56.533527777777785, "total_share": 142105263.15789473, "eps_excl": 0.7013744444444445, "yoy": 0.2257, "latest_report": "2026-03-31"}