{"value_line": 8.76925395107166, "quality_score": 57.5, "total_share": 128305555.55555557, "eps_excl": 0.06046269755358302, "yoy": 13.6342, "latest_report": "2026-03-31"}