{"value_line": 25.653288590604028, "quality_score": 65.0, "total_share": 73762376.23762377, "eps_excl": 1.9386577181208053, "yoy": -0.5843, "latest_report": "2026-03-31"}