{"value_line": 21.983794203150385, "quality_score": 67.25183153174315, "total_share": 151069533.24808183, "eps_excl": 0.5897065946030594, "yoy": 0.4573, "latest_report": "2026-03-31"}