{"value_line": 11.728752391841795, "quality_score": 50.59376195920897, "total_share": 80363584.90566039, "eps_excl": 0.9237504783683588, "yoy": -0.6286999999999999, "latest_report": "2026-03-31"}