{"value_line": 12.019448251482025, "quality_score": 42.5, "total_share": 77418947.36842105, "eps_excl": 0.022972412574101268, "yoy": 2.9668, "latest_report": "2026-03-31"}