{"value_line": 78.7856229275225, "quality_score": 100, "total_share": 620882352.9411765, "eps_excl": 2.4964471814306015, "yoy": 0.6009, "latest_report": "2026-03-31"}