{"value_line": 23.99290912280702, "quality_score": 66.69217418546366, "total_share": 267785234.89932886, "eps_excl": 1.441453634085213, "yoy": -0.045899999999999996, "latest_report": "2026-03-31"}