{"value_line": 22.41710704890388, "quality_score": 73.64350758853288, "total_share": 446536144.57831323, "eps_excl": 0.7457403035413154, "yoy": 0.5645, "latest_report": "2026-03-31"}