{"value_line": 38.4624359391771, "quality_score": 82.58166666666666, "total_share": 1135025380.71066, "eps_excl": 1.781457960644007, "yoy": 0.2014, "latest_report": "2026-03-31"}