{"value_line": 20.288425384615387, "quality_score": 45.06108974358975, "total_share": 187951807.22891566, "eps_excl": 0.6597435897435897, "yoy": -0.0817, "latest_report": "2026-03-31"}