{"value_line": 12.781666252079134, "quality_score": 18.858331260395666, "total_share": 276018176.48783344, "eps_excl": 0.2543332504158267, "yoy": -0.6876000000000001, "latest_report": "2026-03-31"}