{"value_line": 41.955845272206304, "quality_score": 65.0, "total_share": 450322580.6451613, "eps_excl": 2.709169054441261, "yoy": -0.5724, "latest_report": "2026-03-31"}