{"value_line": 62.17444444444444, "quality_score": 100, "total_share": 450000000.0, "eps_excl": 2.342222222222222, "yoy": 2.536, "latest_report": "2026-03-31"}