{"value_line": 15.396296875, "quality_score": 45.409375000000004, "total_share": 603278688.5245901, "eps_excl": 0.571875, "yoy": 0.09050000000000001, "latest_report": "2026-03-31"}