{"value_line": 49.595237752808984, "quality_score": 85.0, "total_share": 1142035398.2300887, "eps_excl": 1.7267415730337075, "yoy": 0.8037000000000001, "latest_report": "2026-03-31"}