{"value_line": 14.595071107645465, "quality_score": 40.17535553822732, "total_share": 67327500.0, "eps_excl": 0.5070142215290928, "yoy": -0.525, "latest_report": "2026-03-31"}