{"value_line": 9.771116163447562, "quality_score": 50.21203380433642, "total_share": 444913333.3333334, "eps_excl": 0.10848135217345697, "yoy": 0.9645, "latest_report": "2026-03-31"}