{"value_line": 7.3622143190450355, "quality_score": 35.429737294266594, "total_share": 10841176470.588234, "eps_excl": 0.3155561584373305, "yoy": -0.0993, "latest_report": "2026-03-31"}