{"value_line": 15.31720937300858, "quality_score": 24.186046865042904, "total_share": 109671888.88888888, "eps_excl": 0.7674418746017161, "yoy": -0.6609999999999999, "latest_report": "2026-03-31"}