{"value_line": 23.558610805500983, "quality_score": 78.65084643091029, "total_share": 2313636363.6363635, "eps_excl": 0.9962671905697447, "yoy": 0.34990000000000004, "latest_report": "2026-03-31"}