{"value_line": 24.71914263414634, "quality_score": 70.02760162601626, "total_share": 173728813.55932203, "eps_excl": 1.1051707317073172, "yoy": 0.15539999999999998, "latest_report": "2026-03-31"}