{"value_line": 16.074782195320267, "quality_score": 54.880977744150336, "total_share": 192632338.05668017, "eps_excl": 0.2952391097660134, "yoy": 1.0693000000000001, "latest_report": "2026-03-31"}