{"value_line": 82.00967741935484, "quality_score": 100, "total_share": 95221843.00341296, "eps_excl": 2.8354838709677423, "yoy": 1.8677000000000001, "latest_report": "2026-03-31"}