{"value_line": 76.6181674744898, "quality_score": 83.4625, "total_share": 168240343.34763947, "eps_excl": 4.142882653061225, "yoy": 0.2165, "latest_report": "2026-03-31"}