{"value_line": 35.71363636363636, "quality_score": 81.07954545454547, "total_share": 186928104.5751634, "eps_excl": 1.0431818181818182, "yoy": 1.2209, "latest_report": "2026-03-31"}