{"value_line": 27.329908561804835, "quality_score": 63.96239786290323, "total_share": 179087232.81340265, "eps_excl": 0.555195914516129, "yoy": 0.4157, "latest_report": "2026-03-31"}