{"value_line": 48.81462315789474, "quality_score": 65.0, "total_share": 186885245.90163934, "eps_excl": 2.953684210526316, "yoy": -0.1118, "latest_report": "2026-03-31"}