{"value_line": 63.86438502673796, "quality_score": 92.5, "total_share": 87793427.23004696, "eps_excl": 2.107219251336898, "yoy": 5.181900000000001, "latest_report": "2026-03-31"}