{"value_line": 85.27607495559502, "quality_score": 76.83166666666668, "total_share": 121075268.8172043, "eps_excl": 4.146181172291296, "yoy": 0.2314, "latest_report": "2026-03-31"}