{"value_line": 7.100044215730337, "quality_score": 40.69, "total_share": 89000000.0, "eps_excl": 0.03655955056179775, "yoy": 0.3404, "latest_report": "2026-03-31"}