{"value_line": 100.5427508730741, "quality_score": 59.96333333333333, "total_share": 257655954.63137996, "eps_excl": 4.2382098312545855, "yoy": 0.0708, "latest_report": "2026-03-31"}