{"value_line": 16.923725433526013, "quality_score": 54.919412331406555, "total_share": 532307692.3076923, "eps_excl": 0.4471098265895954, "yoy": 0.307, "latest_report": "2026-03-31"}