{"value_line": 27.377417582417582, "quality_score": 65.0, "total_share": 158260869.5652174, "eps_excl": 2.091483516483516, "yoy": -0.6670999999999999, "latest_report": "2026-03-31"}