{"value_line": 50.88572269372694, "quality_score": 74.31583333333333, "total_share": 351948051.9480519, "eps_excl": 2.7418819188191885, "yoy": 0.059699999999999996, "latest_report": "2026-03-31"}