{"value_line": 21.169895495495496, "quality_score": 69.75397897897898, "total_share": 489705882.35294116, "eps_excl": 1.3191591591591592, "yoy": 0.059000000000000004, "latest_report": "2026-03-31"}