{"value_line": 6.144745457647058, "quality_score": 41.474039215686275, "total_share": 329032258.0645161, "eps_excl": 0.2917282352941176, "yoy": 0.1431, "latest_report": "2026-03-31"}