{"value_line": 9.513684861902766, "quality_score": 15.0, "total_share": 436322999.9999999, "eps_excl": 0.05473697238055295, "yoy": -1.416, "latest_report": "2026-03-31"}