{"value_line": 31.788585806451614, "quality_score": 59.70645161290322, "total_share": 121093750.0, "eps_excl": 1.288258064516129, "yoy": -0.494, "latest_report": "2026-03-31"}