{"value_line": 24.456426735218507, "quality_score": 85.88303341902314, "total_share": 405208333.3333334, "eps_excl": 0.9353213367609253, "yoy": 2.0842, "latest_report": "2026-03-31"}