{"value_line": 22.45054009108594, "quality_score": 52.57489090244339, "total_share": 87326506.02409638, "eps_excl": 0.6862956360977359, "yoy": 0.1643, "latest_report": "2026-03-31"}