{"value_line": 33.74536398375608, "quality_score": 78.29037458668974, "total_share": 64375714.28571429, "eps_excl": 1.37961498346759, "yoy": 0.308, "latest_report": "2026-03-31"}