{"value_line": 28.027569047619046, "quality_score": 79.30575396825397, "total_share": 331578947.3684211, "eps_excl": 1.0887301587301585, "yoy": 0.3215, "latest_report": "2026-03-31"}