{"value_line": 32.908812783505155, "quality_score": 95.56958762886597, "total_share": 137588652.48226953, "eps_excl": 1.322783505154639, "yoy": 0.7364, "latest_report": "2026-03-31"}