{"value_line": 43.24780040733198, "quality_score": 92.5, "total_share": 818333333.3333333, "eps_excl": 1.793890020366599, "yoy": 1.2283, "latest_report": "2026-03-31"}