{"value_line": 8.113424657534246, "quality_score": 21.267123287671232, "total_share": 456250000.0, "eps_excl": 0.3506849315068493, "yoy": -0.7284999999999999, "latest_report": "2026-03-31"}