{"value_line": 7.819762741, "quality_score": 41.047775, "total_share": 400000000.0, "eps_excl": 0.208011, "yoy": 0.0431, "latest_report": "2026-03-31"}