{"value_line": 14.493977501435557, "quality_score": 54.56146013539956, "total_share": 91137666.66666667, "eps_excl": 0.28245840541598244, "yoy": 0.5627, "latest_report": "2026-03-31"}