{"value_line": 60.000283622162556, "quality_score": 70.37833333333333, "total_share": 1370234113.7123744, "eps_excl": 2.8462289480107397, "yoy": -0.0078000000000000005, "latest_report": "2026-03-31"}