{"value_line": 15.491928992039842, "quality_score": 36.08519796758297, "total_share": 95186891.8918919, "eps_excl": 0.643407918703319, "yoy": -0.4293, "latest_report": "2026-03-31"}