{"value_line": 21.60269730337079, "quality_score": 66.86248127340824, "total_share": 404545454.5454545, "eps_excl": 1.193932584269663, "yoy": 0.06309999999999999, "latest_report": "2026-03-31"}