{"value_line": 8.776181278538813, "quality_score": 40.433789954337904, "total_share": 398181818.1818181, "eps_excl": 0.5173515981735161, "yoy": -0.24109999999999998, "latest_report": "2026-03-31"}