{"value_line": 3.9497831507223022, "quality_score": 50.0, "total_share": 429875454.54545456, "eps_excl": 0.07898915753611511, "yoy": 40.8458, "latest_report": "2026-03-31"}