{"value_line": 12.263492438457282, "quality_score": 15.0, "total_share": 103391600.0, "eps_excl": 0.06142568641939964, "yoy": -0.44079999999999997, "latest_report": "2026-03-31"}