{"value_line": 73.50547008547008, "quality_score": 100, "total_share": 125357142.85714287, "eps_excl": 2.704273504273504, "yoy": 1.8525, "latest_report": "2026-03-31"}