{"value_line": 20.512516069565216, "quality_score": 22.17307404891304, "total_share": 137220338.98305085, "eps_excl": 0.3869229619565217, "yoy": -0.2576, "latest_report": "2026-03-31"}