{"value_line": 14.078228391563435, "quality_score": 57.22725640219553, "total_share": 128393454.54545453, "eps_excl": 0.5238569227544877, "yoy": 0.18510000000000001, "latest_report": "2026-03-31"}