{"value_line": 18.426788911566472, "quality_score": 25.815594236006948, "total_share": 130756129.03225806, "eps_excl": 0.2883237694402779, "yoy": 0.004699999999999999, "latest_report": "2026-03-31"}