{"value_line": 19.06741832669323, "quality_score": 30.029880478087655, "total_share": 313749999.99999994, "eps_excl": 0.7011952191235062, "yoy": -0.2873, "latest_report": "2026-03-31"}