{"value_line": 15.858953903345723, "quality_score": 43.61524163568773, "total_share": 395588235.2941176, "eps_excl": 0.6446096654275092, "yoy": -0.1671, "latest_report": "2026-03-31"}