{"value_line": 15.082121069518715, "quality_score": 51.83473262032086, "total_share": 296825396.82539684, "eps_excl": 0.5659893048128342, "yoy": 0.0746, "latest_report": "2026-03-31"}