{"value_line": 11.074565125037612, "quality_score": 22.5, "total_share": 125941052.63157895, "eps_excl": 0.09897646350840827, "yoy": -0.4397, "latest_report": "2026-03-31"}