{"value_line": 18.637581818181815, "quality_score": 45.032296037296035, "total_share": 158888888.8888889, "eps_excl": 0.8748251748251747, "yoy": -0.0458, "latest_report": "2026-03-31"}