{"value_line": 27.77793308333333, "quality_score": 69.72229166666666, "total_share": 212389380.53097346, "eps_excl": 1.1629583333333333, "yoy": 0.12539999999999998, "latest_report": "2026-03-31"}