{"value_line": 29.276839543973942, "quality_score": 63.211395222584144, "total_share": 271681415.92920357, "eps_excl": 0.9533224755700325, "yoy": 0.2322, "latest_report": "2026-03-31"}