{"value_line": 82.68587701492535, "quality_score": 95.59, "total_share": 135353535.35353538, "eps_excl": 3.6349253731343274, "yoy": 0.4244, "latest_report": "2026-03-31"}