{"value_line": 25.585416774193547, "quality_score": 77.5241935483871, "total_share": 189795918.36734694, "eps_excl": 0.9009677419354839, "yoy": 0.6344, "latest_report": "2026-03-31"}