{"value_line": 23.507882613395257, "quality_score": 39.817245783828774, "total_share": 74848809.52380952, "eps_excl": 0.11665649801981773, "yoy": 0.31829999999999997, "latest_report": "2026-03-31"}