{"value_line": 9.635101562846167, "quality_score": 26.275507814230824, "total_share": 101923225.80645162, "eps_excl": 0.251020312569233, "yoy": -12.3846, "latest_report": "2026-03-31"}