{"value_line": 11.229424584323041, "quality_score": 45.44833729216152, "total_share": 561333333.3333334, "eps_excl": 0.7179334916864608, "yoy": -0.2521, "latest_report": "2026-03-31"}