{"value_line": 11.436477272727272, "quality_score": 22.582386363636363, "total_share": 1955555555.5555556, "eps_excl": 0.10329545454545454, "yoy": -0.6838, "latest_report": "2026-03-31"}