{"value_line": 24.374699418312762, "quality_score": 22.5, "total_share": 121606315.78947368, "eps_excl": 0.06493988366255216, "yoy": -5.0675, "latest_report": "2026-03-31"}