{"value_line": 23.756168, "quality_score": 45.529629629629625, "total_share": 119469026.54867257, "eps_excl": 1.0211851851851852, "yoy": -0.20620000000000002, "latest_report": "2026-03-31"}