{"value_line": 47.864430176565, "quality_score": 62.3125, "total_share": 819736842.1052634, "eps_excl": 2.159229534510433, "yoy": -0.0175, "latest_report": "2026-03-31"}