{"value_line": 9.08194267585964, "quality_score": 17.94, "total_share": 681345384.6153846, "eps_excl": 0.06333571926132572, "yoy": -0.0496, "latest_report": "2026-03-31"}