{"value_line": 21.304988908473923, "quality_score": 24.62494454236963, "total_share": 112698648.64864865, "eps_excl": 0.18499778169478517, "yoy": -0.5747, "latest_report": "2026-03-31"}