{"value_line": 12.921508871670259, "quality_score": 58.989386089587825, "total_share": 104692800.0, "eps_excl": 0.15957544358351292, "yoy": 1.7475, "latest_report": "2026-03-31"}