{"value_line": 9.798364242660826, "quality_score": 23.891821213304134, "total_share": 100760666.66666667, "eps_excl": 0.45567284853216533, "yoy": -1.5151, "latest_report": "2026-03-31"}