{"value_line": 12.612921348314607, "quality_score": 71.82865168539325, "total_share": 434146341.46341467, "eps_excl": 0.3731460674157303, "yoy": 2.5987, "latest_report": "2026-03-31"}