{"value_line": 15.377512673992673, "quality_score": 49.30885531135531, "total_share": 384507042.25352114, "eps_excl": 0.6657875457875457, "yoy": 0.11710000000000001, "latest_report": "2026-03-31"}