{"value_line": 9.387272727272727, "quality_score": 69.43409090909091, "total_share": 407407407.40740746, "eps_excl": 0.2773636363636363, "yoy": 1.264, "latest_report": "2026-03-31"}