{"value_line": 18.463011501194174, "quality_score": 40.47022305825243, "total_share": 98170034.31185666, "eps_excl": 0.818808922330097, "yoy": -0.4183, "latest_report": "2026-03-31"}