{"value_line": 6.8398753553627465, "quality_score": 57.89984419420343, "total_share": 376180555.5555555, "eps_excl": 0.11599376776813736, "yoy": 1.9528999999999999, "latest_report": "2026-03-31"}