{"value_line": 13.265394613082513, "quality_score": 61.41924326635314, "total_share": 119948717.94871795, "eps_excl": 0.25676973065412567, "yoy": 1.0353, "latest_report": "2026-03-31"}