{"value_line": 9.823899606538625, "quality_score": 16.26949803269312, "total_share": 190139375.0, "eps_excl": 0.1507799213077249, "yoy": -0.5265, "latest_report": "2026-03-31"}