{"value_line": 18.24760287914763, "quality_score": 56.107294723426016, "total_share": 159013111.1111111, "eps_excl": 0.24449178893704085, "yoy": 0.4142, "latest_report": "2026-03-31"}