{"value_line": 30.827690566037734, "quality_score": 77.12211320754717, "total_share": 117777777.77777778, "eps_excl": 0.5848845283018868, "yoy": 1.0338, "latest_report": "2026-03-31"}