{"value_line": 21.521970135651053, "quality_score": 25.459850678255265, "total_share": 55368307.69230769, "eps_excl": 0.5183940271302107, "yoy": -6.7254, "latest_report": "2026-03-31"}