{"value_line": 9.706179692307693, "quality_score": 51.95102564102564, "total_share": 513157894.7368421, "eps_excl": 0.31764102564102564, "yoy": 0.3116, "latest_report": "2026-03-31"}