{"value_line": 1.35468, "quality_score": 15.0, "total_share": 600000000.0, "eps_excl": 0.052936, "yoy": -1.0723, "latest_report": "2026-03-31"}