{"value_line": 16.578235294117647, "quality_score": 35.04421568627451, "total_share": 170000000.0, "eps_excl": 0.5882352941176471, "yoy": -0.0942, "latest_report": "2026-03-31"}