{"value_line": 13.877916074418016, "quality_score": 15.0, "total_share": 90454285.71428569, "eps_excl": 0.06958321488360342, "yoy": -0.6175, "latest_report": "2026-03-31"}