{"value_line": 18.76875267094017, "quality_score": 65.56303418803418, "total_share": 659154929.5774648, "eps_excl": 1.3183547008547007, "yoy": -0.0125, "latest_report": "2026-03-31"}