{"value_line": 18.914725779070658, "quality_score": 76.26840722383832, "total_share": 61696315.78947369, "eps_excl": 0.550736288953533, "yoy": 11.6546, "latest_report": "2026-03-31"}