{"value_line": 6.74121352289823, "quality_score": 20.647877249902603, "total_share": 162354250.0, "eps_excl": 0.3259150899961042, "yoy": -0.4412, "latest_report": "2026-03-31"}