{"value_line": 23.483577981651376, "quality_score": 56.15825688073394, "total_share": 91596638.6554622, "eps_excl": 1.1463302752293576, "yoy": -0.28, "latest_report": "2026-03-31"}