{"value_line": 10.789491435889026, "quality_score": 29.297457179445132, "total_share": 122901076.92307691, "eps_excl": 0.3718982871778053, "yoy": -1.026, "latest_report": "2026-03-31"}