{"value_line": 8.032031700188531, "quality_score": 50.0, "total_share": 249296896.55172417, "eps_excl": 0.00810158500942651, "yoy": 3.3788, "latest_report": "2026-03-31"}