{"value_line": 17.240099598393574, "quality_score": 55.91630522088353, "total_share": 315189873.41772157, "eps_excl": 0.7297188755020079, "yoy": 0.07440000000000001, "latest_report": "2026-03-31"}