{"value_line": 37.98623914893618, "quality_score": 92.64893617021276, "total_share": 86238532.11009173, "eps_excl": 1.2059574468085108, "yoy": 0.9243000000000001, "latest_report": "2026-03-31"}