{"value_line": 28.19309163346614, "quality_score": 29.711155378486062, "total_share": 232407407.40740737, "eps_excl": 0.6884462151394424, "yoy": -0.34299999999999997, "latest_report": "2026-03-31"}