{"value_line": 20.33351222878172, "quality_score": 52.41689028597715, "total_share": 195644999.99999997, "eps_excl": 0.19667561143908613, "yoy": 2.7063, "latest_report": "2026-03-31"}