{"value_line": 13.222380842741936, "quality_score": 55.87965725806451, "total_share": 451730418.9435337, "eps_excl": 0.8212862903225806, "yoy": 0.1631, "latest_report": "2026-03-31"}