{"value_line": 9.486209310344828, "quality_score": 27.465316091954023, "total_share": 828571428.5714284, "eps_excl": 0.17137931034482762, "yoy": 0.08310000000000001, "latest_report": "2026-03-31"}