{"value_line": 14.974507874015746, "quality_score": 40.62253937007874, "total_share": 597647058.8235295, "eps_excl": 0.8249015748031495, "yoy": -1.0209000000000001, "latest_report": "2026-03-31"}