{"value_line": 17.897783042530715, "quality_score": 70.5136547325612, "total_share": 88797464.7887324, "eps_excl": 0.5370795226357814, "yoy": 0.4072, "latest_report": "2026-03-31"}