{"value_line": 19.53309325592551, "quality_score": 39.75082420856611, "total_share": 132562836.62477559, "eps_excl": 0.496499635009311, "yoy": 0.0258, "latest_report": "2026-03-31"}