{"value_line": 34.917691244859995, "quality_score": 11.99426525, "total_share": 112359550.56179775, "eps_excl": 0.27977061, "yoy": -0.3074, "latest_report": "2026-03-31"}