{"value_line": 15.236570084033612, "quality_score": 35.760504201680675, "total_share": 191935483.87096775, "eps_excl": 0.6304201680672269, "yoy": -0.1408, "latest_report": "2026-03-31"}