{"value_line": 38.57903220689655, "quality_score": 59.92468652037617, "total_share": 138783145.89632595, "eps_excl": 1.296987460815047, "yoy": -0.4434, "latest_report": "2026-03-31"}