{"value_line": 24.52563993948563, "quality_score": 56.36954992435703, "total_share": 1327575818.4374373, "eps_excl": 0.35478199697428137, "yoy": 1.1716, "latest_report": "2026-03-31"}