{"value_line": 4.090513690652144, "quality_score": 22.5, "total_share": 470804608.2949308, "eps_excl": 0.050102738130428745, "yoy": -0.8170000000000001, "latest_report": "2026-03-31"}