{"value_line": 1.4669304192606287, "quality_score": 17.286666666666665, "total_share": 1222390000.0000002, "eps_excl": 0.004996850432349739, "yoy": -0.0608, "latest_report": "2026-03-31"}