{"value_line": 66.31773292307693, "quality_score": 75.63, "total_share": 203125000.0, "eps_excl": 3.0473846153846154, "yoy": 0.2108, "latest_report": "2026-03-31"}