{"value_line": 11.00415, "quality_score": 51.9301875, "total_share": 400000000.0, "eps_excl": 0.1772075, "yoy": 5.3101, "latest_report": "2026-03-31"}