{"value_line": 6.9392188818198965, "quality_score": 22.5, "total_share": 91593636.36363636, "eps_excl": 0.029843776363979238, "yoy": -1.4168, "latest_report": "2026-03-31"}