{"value_line": 19.666742049381433, "quality_score": 50.04592756172679, "total_share": 99784464.28571428, "eps_excl": 0.4018371024690717, "yoy": 1.1357, "latest_report": "2026-03-31"}