{"value_line": 19.18473119453925, "quality_score": 65.52430602957907, "total_share": 242148760.3305785, "eps_excl": 1.0902389078498294, "yoy": 0.08460000000000001, "latest_report": "2026-03-31"}