{"value_line": 62.659833568904595, "quality_score": 61.92166666666667, "total_share": 120425531.91489361, "eps_excl": 1.9348056537102474, "yoy": -0.0242, "latest_report": "2026-03-31"}