{"value_line": 27.237339310344826, "quality_score": 17.78918213969938, "total_share": 1713636363.6363637, "eps_excl": 0.1336339522546419, "yoy": -0.0666, "latest_report": "2025-12-31"}