{"value_line": 18.006904744813724, "quality_score": 64.70863093101715, "total_share": 79605714.28571428, "eps_excl": 0.38834523724068626, "yoy": 4.46, "latest_report": "2026-03-31"}