{"value_line": 8.725773949629108, "quality_score": 34.676259043778984, "total_share": 264339166.66666663, "eps_excl": 0.3007503617511594, "yoy": 0.0227, "latest_report": "2026-03-31"}