{"value_line": 18.305603922510773, "quality_score": 42.5, "total_share": 438651538.46153843, "eps_excl": 0.027280196125538583, "yoy": 12.081800000000001, "latest_report": "2026-03-31"}