{"value_line": 20.71616275862069, "quality_score": 35.58620689655173, "total_share": 111538461.53846152, "eps_excl": 0.9234482758620691, "yoy": -0.1276, "latest_report": "2026-03-31"}