{"value_line": 14.796102941176471, "quality_score": 48.63051470588235, "total_share": 143157894.73684213, "eps_excl": 0.845220588235294, "yoy": -199.52020000000002, "latest_report": "2026-03-31"}