{"value_line": 13.897626846038865, "quality_score": 53.931988041853515, "total_share": 93917307.6923077, "eps_excl": 0.2572795216741405, "yoy": 0.8803, "latest_report": "2026-03-31"}