{"value_line": 10.316128919297489, "quality_score": 15.180644596487447, "total_share": 74248000.0, "eps_excl": 0.1072257838594979, "yoy": -0.5972999999999999, "latest_report": "2026-03-31"}