{"value_line": 5.925563909774437, "quality_score": 17.627819548872182, "total_share": 1209090909.090909, "eps_excl": 0.20511278195488725, "yoy": -1.756, "latest_report": "2026-03-31"}