{"value_line": 9.74560125748503, "quality_score": 36.48683133732535, "total_share": 407317073.1707317, "eps_excl": 0.3167065868263473, "yoy": 0.046900000000000004, "latest_report": "2026-03-31"}