{"value_line": 14.595838814814815, "quality_score": 51.11979851851852, "total_share": 241071428.57142854, "eps_excl": 0.14479194074074075, "yoy": 2.5531, "latest_report": "2026-03-31"}