{"value_line": 15.215342559362131, "quality_score": 55.61630134696338, "total_share": 81573140.49586777, "eps_excl": 1.1246520538785352, "yoy": -0.4518, "latest_report": "2026-03-31"}