{"value_line": 29.313823529411764, "quality_score": 68.85477941176471, "total_share": 270664720.7111583, "eps_excl": 0.5541911764705882, "yoy": 1.2256, "latest_report": "2026-03-31"}