{"value_line": 7.441533315217391, "quality_score": 29.523097826086957, "total_share": 427906976.74418604, "eps_excl": 0.3809239130434783, "yoy": -0.3643, "latest_report": "2026-03-31"}