{"value_line": 31.236040247457627, "quality_score": 82.88642372881355, "total_share": 113461538.46153846, "eps_excl": 0.8154569491525424, "yoy": 0.8634999999999999, "latest_report": "2026-03-31"}