{"value_line": 22.64561517909091, "quality_score": 57.35179545454545, "total_share": 134444444.44444445, "eps_excl": 0.6463718181818182, "yoy": 0.2633, "latest_report": "2026-03-31"}