{"value_line": 14.180377842957181, "quality_score": 53.422325507978414, "total_share": 87110000.0, "eps_excl": 0.38279302031913676, "yoy": 0.3089, "latest_report": "2026-03-31"}