{"value_line": 19.103258426966292, "quality_score": 56.741573033707866, "total_share": 1211914893.6170213, "eps_excl": 0.36966292134831463, "yoy": 1.2911000000000001, "latest_report": "2026-03-31"}