{"value_line": 5.975658463117128, "quality_score": 15.0, "total_share": 335672222.2222222, "eps_excl": 0.02913169262342563, "yoy": -9.128400000000001, "latest_report": "2026-03-31"}