{"value_line": 55.496336633663375, "quality_score": 100, "total_share": 148529411.76470587, "eps_excl": 1.5283168316831686, "yoy": 3.6522, "latest_report": "2026-03-31"}