{"value_line": 16.189569523809524, "quality_score": 59.61242063492064, "total_share": 787500000.0, "eps_excl": 0.6653968253968254, "yoy": 0.2939, "latest_report": "2026-03-31"}