{"value_line": 5.837407029015121, "quality_score": 23.537035145075603, "total_share": 405914117.6470588, "eps_excl": 0.14148140580302412, "yoy": -6.7016, "latest_report": "2026-03-31"}