{"value_line": 14.95610862003135, "quality_score": 27.545833333333334, "total_share": 71088571.42857142, "eps_excl": 0.08779610948113019, "yoy": -0.013500000000000002, "latest_report": "2026-03-31"}