{"value_line": 11.566377952755907, "quality_score": 53.84547244094488, "total_share": 3628571428.5714283, "eps_excl": 0.2538188976377953, "yoy": 2.9358999999999997, "latest_report": "2026-03-31"}