{"value_line": 13.074062885208107, "quality_score": 42.436405496108705, "total_share": 114761714.2857143, "eps_excl": 0.5974562198443483, "yoy": -0.34990000000000004, "latest_report": "2026-03-31"}