{"value_line": 22.28874749751181, "quality_score": 74.83593437188976, "total_share": 104373731.34328358, "eps_excl": 0.49343737487559053, "yoy": 2.1124, "latest_report": "2026-03-31"}