{"value_line": 32.64636679245284, "quality_score": 82.22641509433963, "total_share": 95495495.49549548, "eps_excl": 1.0890566037735852, "yoy": 0.8351999999999999, "latest_report": "2026-03-31"}