{"value_line": 68.55068062827226, "quality_score": 77.5, "total_share": 85267857.14285713, "eps_excl": 1.9585340314136128, "yoy": 11.736400000000001, "latest_report": "2026-03-31"}