{"value_line": 17.25782608695652, "quality_score": 61.684782608695656, "total_share": 460000000.0, "eps_excl": 0.2673913043478261, "yoy": 5.6156, "latest_report": "2026-03-31"}