{"value_line": 12.10516616369863, "quality_score": 63.408281963470316, "total_share": 318152102.85465246, "eps_excl": 0.4368979452054794, "yoy": 0.4569, "latest_report": "2026-03-31"}