{"value_line": 17.680991092394883, "quality_score": 45.27346857944981, "total_share": 166148709.67741936, "eps_excl": 0.2109387431779925, "yoy": 0.7972, "latest_report": "2026-03-31"}