{"value_line": 6.162898657622489, "quality_score": 17.998333333333335, "total_share": 160304736.84210527, "eps_excl": 0.07177829068977179, "yoy": -0.048600000000000004, "latest_report": "2026-03-31"}