{"value_line": 4.6393759521531095, "quality_score": 20.009716905901115, "total_share": 1242568370.9869204, "eps_excl": 0.10462200956937799, "yoy": -0.0161, "latest_report": "2026-03-31"}