{"value_line": 5.424292326365475, "quality_score": 19.12710721510452, "total_share": 5296428571.428571, "eps_excl": 0.26508428860418076, "yoy": -0.2854, "latest_report": "2026-03-31"}