{"value_line": 25.640407142857143, "quality_score": 87.73587301587301, "total_share": 192366412.21374044, "eps_excl": 1.1956349206349206, "yoy": 0.4202, "latest_report": "2026-03-31"}