{"value_line": 10.874408990583863, "quality_score": 19.672044952919318, "total_share": 121890967.74193549, "eps_excl": 0.2868817981167728, "yoy": -0.9395, "latest_report": "2026-03-31"}