{"value_line": 28.840882352941176, "quality_score": 31.254411764705882, "total_share": 199952952.24653023, "eps_excl": 0.7501764705882352, "yoy": -2.448, "latest_report": "2026-03-31"}