{"value_line": 5.069999999999999, "quality_score": 16.3, "total_share": 815789473.6842105, "eps_excl": 0.152, "yoy": -1.6562999999999999, "latest_report": "2026-03-31"}