{"value_line": 127.80907465825446, "quality_score": 100, "total_share": 175461254.61254612, "eps_excl": 5.003953732912723, "yoy": 1.5231999999999999, "latest_report": "2026-03-31"}