{"value_line": 8.285306306306307, "quality_score": 25.57653153153153, "total_share": 479688850.4753674, "eps_excl": 0.22306126126126122, "yoy": -7.2668, "latest_report": "2026-03-31"}