{"value_line": 31.728333333333335, "quality_score": 79.29791666666667, "total_share": 224299065.42056075, "eps_excl": 0.9719166666666668, "yoy": 8.2315, "latest_report": "2026-03-31"}