{"value_line": 35.123191704545455, "quality_score": 84.6903409090909, "total_share": 164485981.3084112, "eps_excl": 0.8876136363636364, "yoy": 0.6317, "latest_report": "2026-03-31"}