{"value_line": 55.360518918918906, "quality_score": 63.38, "total_share": 80434782.60869567, "eps_excl": 2.3621621621621616, "yoy": 0.0008, "latest_report": "2026-03-31"}