{"value_line": 25.68964631578947, "quality_score": 77.52190283400809, "total_share": 209322033.89830512, "eps_excl": 1.0796761133603237, "yoy": 0.2948, "latest_report": "2026-03-31"}