{"value_line": 26.187681528662424, "quality_score": 63.84625796178344, "total_share": 130833333.33333334, "eps_excl": 1.0853503184713376, "yoy": 0.1865, "latest_report": "2026-03-31"}