{"value_line": 21.05351038251366, "quality_score": 53.35920765027322, "total_share": 163392857.14285713, "eps_excl": 0.9792349726775956, "yoy": 0.052199999999999996, "latest_report": "2026-03-31"}