{"value_line": 3.505710838910681, "quality_score": 15.0, "total_share": 785917142.8571428, "eps_excl": 0.05322622159369763, "yoy": -0.3317, "latest_report": "2026-03-31"}