{"value_line": 10.937782538613364, "quality_score": 17.338912693066817, "total_share": 425370869.5652174, "eps_excl": 0.19355650772267272, "yoy": -0.7878000000000001, "latest_report": "2026-03-31"}