{"value_line": 10.495273170041436, "quality_score": 33.23710557239161, "total_share": 137025423.72881356, "eps_excl": 0.5294842228956645, "yoy": -0.1359, "latest_report": "2026-03-31"}