{"value_line": 7.26208744, "quality_score": 24.445999999999998, "total_share": 657894736.8421053, "eps_excl": 0.17784, "yoy": -0.43090000000000006, "latest_report": "2026-03-31"}