{"value_line": 13.676475688622753, "quality_score": 33.72950099800399, "total_share": 340816326.53061223, "eps_excl": 0.41664670658682634, "yoy": -0.0432, "latest_report": "2026-03-31"}