{"value_line": 4.63391619675107, "quality_score": 15.019580983755347, "total_share": 406813675.2136752, "eps_excl": 0.10078323935021388, "yoy": -1.1115000000000002, "latest_report": "2026-03-31"}