{"value_line": 8.927031368102798, "quality_score": 17.235156840513984, "total_share": 102842422.4163905, "eps_excl": 0.1894062736205593, "yoy": -0.9695999999999999, "latest_report": "2026-03-31"}