{"value_line": 29.096591810697248, "quality_score": 77.8110747706422, "total_share": 101869158.87850468, "eps_excl": 0.912442990825688, "yoy": 0.8781, "latest_report": "2026-03-31"}