{"value_line": 3.284769322747976, "quality_score": 24.57384661373988, "total_share": 340607727.27272725, "eps_excl": 0.1829538645495952, "yoy": -8.981900000000001, "latest_report": "2026-03-31"}