{"value_line": 20.541047894736842, "quality_score": 32.51315789473684, "total_share": 211111111.1111111, "eps_excl": 0.8005263157894738, "yoy": -0.1929, "latest_report": "2026-03-31"}