{"value_line": 7.864130769230769, "quality_score": 59.94230769230769, "total_share": 1300000000.0, "eps_excl": 0.19769230769230767, "yoy": 0.6409999999999999, "latest_report": "2026-03-31"}