{"value_line": 15.62981739130435, "quality_score": 64.98492753623188, "total_share": 350847457.6271186, "eps_excl": 0.5557971014492754, "yoy": 0.3044, "latest_report": "2026-03-31"}