{"value_line": 18.10797752808989, "quality_score": 52.23988764044944, "total_share": 315602836.8794326, "eps_excl": 1.2895955056179775, "yoy": -0.6858, "latest_report": "2026-03-31"}