{"value_line": 9.806963696369637, "quality_score": 45.68481848184818, "total_share": 398684210.5263158, "eps_excl": 0.7273927392739273, "yoy": -1.0606, "latest_report": "2026-03-31"}