{"value_line": 16.11657142857143, "quality_score": 61.78285714285714, "total_share": 123239436.61971831, "eps_excl": 1.3713142857142857, "yoy": -0.5842, "latest_report": "2026-03-31"}