{"value_line": 11.807207747816513, "quality_score": 56.15842293577981, "total_share": 302777777.77777785, "eps_excl": 0.3266369174311926, "yoy": 0.25129999999999997, "latest_report": "2026-03-31"}