{"value_line": 18.05999271074701, "quality_score": 42.949963553735046, "total_share": 86391531.53153151, "eps_excl": 0.9179985421494017, "yoy": -0.8009000000000001, "latest_report": "2026-03-31"}