{"value_line": 15.931874617382155, "quality_score": 63.28984327172769, "total_share": 111076888.88888888, "eps_excl": 0.3315937308691077, "yoy": 13.2706, "latest_report": "2026-03-31"}