{"value_line": 8.063975112123764, "quality_score": 15.0, "total_share": 355014444.4444445, "eps_excl": 0.08079502242475266, "yoy": -1.0835, "latest_report": "2026-03-31"}