{"value_line": 6.949869584705883, "quality_score": 27.24879044117647, "total_share": 261538461.53846154, "eps_excl": 0.28995161764705885, "yoy": -0.23440000000000003, "latest_report": "2026-03-31"}