{"value_line": 32.00026434782609, "quality_score": 62.22271739130434, "total_share": 95833333.33333334, "eps_excl": 1.2626086956521738, "yoy": 0.0827, "latest_report": "2026-03-31"}