{"value_line": 23.160800835282785, "quality_score": 57.77563268574002, "total_share": 84144210.5263158, "eps_excl": 0.4110253074296008, "yoy": 0.8249, "latest_report": "2026-03-31"}