{"value_line": 55.720000000000006, "quality_score": 92.5, "total_share": 230769230.76923075, "eps_excl": 1.6900000000000002, "yoy": 1.8184, "latest_report": "2026-03-31"}