{"value_line": 10.135272479632253, "quality_score": 15.97636239816127, "total_share": 187221562.5, "eps_excl": 0.13905449592645078, "yoy": -5.8361, "latest_report": "2026-03-31"}