{"value_line": 13.733079411764706, "quality_score": 27.065397058823528, "total_share": 283333333.3333334, "eps_excl": 0.28261588235294116, "yoy": -2.6174, "latest_report": "2026-03-31"}