{"value_line": 52.498522860492386, "quality_score": 92.5, "total_share": 456149732.62032074, "eps_excl": 1.7209261430246194, "yoy": 14.0558, "latest_report": "2026-03-31"}