{"value_line": 26.173558060275887, "quality_score": 37.91779030137944, "total_share": 52552518.148820326, "eps_excl": 0.7167116120551777, "yoy": -1.9959, "latest_report": "2026-03-31"}