{"value_line": 32.90465203358209, "quality_score": 39.64132462686566, "total_share": 450420168.06722695, "eps_excl": 1.0856529850746266, "yoy": -0.1061, "latest_report": "2026-03-31"}