{"value_line": 43.895976460706514, "quality_score": 35.22213777811169, "total_share": 45137478.26086958, "eps_excl": 0.9088855111244676, "yoy": -0.3689, "latest_report": "2026-03-31"}