{"value_line": 12.666141732283464, "quality_score": 39.83070866141732, "total_share": 235185185.18518516, "eps_excl": 0.4932283464566929, "yoy": -0.9793000000000001, "latest_report": "2026-03-31"}