{"value_line": 27.300736967108, "quality_score": 61.088421208885, "total_share": 80840333.33333334, "eps_excl": 0.24353684835540013, "yoy": 1.0125, "latest_report": "2026-03-31"}