{"value_line": 60.42620689655172, "quality_score": 92.5, "total_share": 131221719.45701358, "eps_excl": 2.103310344827586, "yoy": 1.0434, "latest_report": "2026-03-31"}