{"value_line": 90.9846512058465, "quality_score": 85.25333333333333, "total_share": 141065292.09621996, "eps_excl": 5.607332521315468, "yoy": 0.24719999999999998, "latest_report": "2026-03-31"}