{"value_line": 11.40299586794004, "quality_score": 68.72566813618968, "total_share": 154077037.03703701, "eps_excl": 0.24902672544758758, "yoy": 0.5672999999999999, "latest_report": "2026-03-31"}