{"value_line": 22.592618918918916, "quality_score": 63.18709459459459, "total_share": 168181818.1818182, "eps_excl": 0.6837837837837837, "yoy": 0.34729999999999994, "latest_report": "2026-03-31"}