{"value_line": 19.777439117170346, "quality_score": 77.40614212653338, "total_share": 124825892.85714285, "eps_excl": 0.5962456850613355, "yoy": 0.6717, "latest_report": "2026-03-31"}