{"value_line": 38.79734919569892, "quality_score": 59.95645161290322, "total_share": 121823421.5352371, "eps_excl": 1.2641247311827957, "yoy": 0.0432, "latest_report": "2026-03-31"}