{"value_line": 10.55658600076923, "quality_score": 45.65447884615385, "total_share": 176271186.44067797, "eps_excl": 0.5651791538461538, "yoy": -0.031, "latest_report": "2026-03-31"}