{"value_line": 24.728763636363638, "quality_score": 67.3935606060606, "total_share": 458333333.3333334, "eps_excl": 1.3309090909090908, "yoy": 0.013500000000000002, "latest_report": "2026-03-31"}