{"value_line": 17.88455836928262, "quality_score": 42.13721508837835, "total_share": 153247843.1372549, "eps_excl": 0.3802552702018005, "yoy": 0.2451, "latest_report": "2026-03-31"}