{"value_line": 13.1275666132496, "quality_score": 36.63783306624799, "total_share": 138279275.36231884, "eps_excl": 0.6655133226499198, "yoy": -0.8563, "latest_report": "2026-03-31"}