{"value_line": 19.445118998006375, "quality_score": 74.55639874750797, "total_share": 126832857.14285715, "eps_excl": 0.4822559499003187, "yoy": 14.4197, "latest_report": "2026-03-31"}