{"value_line": 41.08198493147003, "quality_score": 31.03985943678735, "total_share": 58423177.57009345, "eps_excl": 0.7415943774714939, "yoy": -0.3336, "latest_report": "2026-03-31"}