{"value_line": 41.050392543088286, "quality_score": 70.27549067886036, "total_share": 66632812.5, "eps_excl": 0.9110196271544143, "yoy": 2.4389, "latest_report": "2026-03-31"}