{"value_line": 11.185487631578948, "quality_score": 52.18021929824562, "total_share": 453731343.2835821, "eps_excl": 0.5818421052631579, "yoy": 0.2023, "latest_report": "2026-03-31"}