{"value_line": 27.958884705882355, "quality_score": 60.8775, "total_share": 109677419.3548387, "eps_excl": 1.7505882352941178, "yoy": -0.0421, "latest_report": "2026-03-31"}