{"value_line": 18.563286908077995, "quality_score": 65.47910863509749, "total_share": 460256410.25641024, "eps_excl": 0.7191643454038997, "yoy": 3.2295, "latest_report": "2026-03-31"}