{"value_line": 11.794376988935316, "quality_score": 59.59297123616915, "total_share": 250962272.72727272, "eps_excl": 0.1837188494467658, "yoy": 3.0460000000000003, "latest_report": "2026-03-31"}