{"value_line": 8.236415028773179, "quality_score": 16.23207514386589, "total_share": 109003030.3030303, "eps_excl": 0.14928300575463568, "yoy": -1.7463, "latest_report": "2026-03-31"}