{"value_line": 8.824778098335784, "quality_score": 16.623890491678917, "total_share": 151921468.6384498, "eps_excl": 0.16495561966715674, "yoy": -1.5478, "latest_report": "2026-03-31"}