{"value_line": 11.085952195809686, "quality_score": 53.90744024476211, "total_share": 125093636.36363636, "eps_excl": 0.2562976097904842, "yoy": 1.7357, "latest_report": "2026-03-31"}