{"value_line": 20.72399224334601, "quality_score": 56.84980988593156, "total_share": 212096774.19354838, "eps_excl": 1.1739923954372626, "yoy": -0.18789999999999998, "latest_report": "2026-03-31"}