{"value_line": 57.702957482517476, "quality_score": 65.0, "total_share": 67136150.23474179, "eps_excl": 1.6980419580419577, "yoy": -0.11939999999999999, "latest_report": "2026-03-31"}