{"value_line": 76.88594919117645, "quality_score": 92.5, "total_share": 52107279.69348659, "eps_excl": 2.16860294117647, "yoy": 0.9512999999999999, "latest_report": "2026-03-31"}