{"value_line": 31.173182821470718, "quality_score": 63.3039785268384, "total_share": 93139521.6400911, "eps_excl": 0.6321591410735359, "yoy": 1.6917, "latest_report": "2026-03-31"}