{"value_line": 13.78627523809524, "quality_score": 42.88095238095238, "total_share": 203225806.4516129, "eps_excl": 0.9152380952380953, "yoy": -0.3951, "latest_report": "2026-03-31"}