{"value_line": 14.589855369256368, "quality_score": 73.32481921157046, "total_share": 104173333.33333333, "eps_excl": 0.4329927684628184, "yoy": 3.2604, "latest_report": "2026-03-31"}