{"value_line": 57.86214141414142, "quality_score": 65.0, "total_share": 167720804.15631354, "eps_excl": 3.094428282828283, "yoy": -0.5734, "latest_report": "2026-03-31"}