{"value_line": 33.346153846153854, "quality_score": 81.3076923076923, "total_share": 144444444.44444445, "eps_excl": 1.0523076923076924, "yoy": 4.9074, "latest_report": "2026-03-31"}