{"value_line": 39.614379253112034, "quality_score": 100, "total_share": 139306358.3815029, "eps_excl": 1.5936099585062242, "yoy": 0.5589999999999999, "latest_report": "2026-03-31"}