{"value_line": 19.486962800392156, "quality_score": 69.57515759803921, "total_share": 167213114.75409836, "eps_excl": 0.5830063039215686, "yoy": 0.948, "latest_report": "2026-03-31"}