{"value_line": 13.460157948332741, "quality_score": 38.57819486034276, "total_share": 85665217.39130434, "eps_excl": 0.4392611277470436, "yoy": 0.1588, "latest_report": "2026-03-31"}