{"value_line": 25.70368421052632, "quality_score": 61.50986842105263, "total_share": 118750000.0, "eps_excl": 1.3978947368421053, "yoy": 0.0125, "latest_report": "2026-03-31"}