{"value_line": 5.720640709092358, "quality_score": 22.5, "total_share": 146478333.33333334, "eps_excl": 0.05412814181847144, "yoy": -0.96, "latest_report": "2026-03-31"}