{"value_line": 29.78594860927152, "quality_score": 78.74616997792494, "total_share": 111029411.76470588, "eps_excl": 1.3329801324503312, "yoy": 0.3358, "latest_report": "2026-03-31"}