{"value_line": 24.4483517562724, "quality_score": 71.1098476702509, "total_share": 419548872.1804511, "eps_excl": 1.2489605734767026, "yoy": 0.2409, "latest_report": "2026-03-31"}