{"value_line": 9.89985537418525, "quality_score": 15.349276870926248, "total_share": 132435357.14285713, "eps_excl": 0.11397107483704991, "yoy": -1.7069999999999999, "latest_report": "2026-03-31"}