{"value_line": 5.134299177909307, "quality_score": 15.0, "total_share": 213936250.0, "eps_excl": 0.04085983558186142, "yoy": -2.2356, "latest_report": "2026-03-31"}