{"value_line": 16.560184269662923, "quality_score": 48.735955056179776, "total_share": 404545454.54545456, "eps_excl": 1.1494382022471912, "yoy": -0.4632, "latest_report": "2026-03-31"}