{"value_line": 5.985263157894737, "quality_score": 42.881578947368425, "total_share": 1899999999.9999998, "eps_excl": 0.11526315789473686, "yoy": 2.1422, "latest_report": "2026-03-31"}