{"value_line": 22.959242902208203, "quality_score": 43.59621451104101, "total_share": 233088235.29411763, "eps_excl": 0.9438485804416406, "yoy": -0.6109, "latest_report": "2026-03-31"}