{"value_line": 9.034126067882706, "quality_score": 52.99265758485338, "total_share": 174905769.23076922, "eps_excl": 0.21970630339413533, "yoy": 1.2466, "latest_report": "2026-03-31"}