{"value_line": 5.497272727272727, "quality_score": 24.636363636363637, "total_share": 641666666.6666667, "eps_excl": 0.18545454545454543, "yoy": -3.8949000000000003, "latest_report": "2026-03-31"}