{"value_line": 3.027976416684174, "quality_score": 16.131028297160587, "total_share": 386743750.0, "eps_excl": 0.1452411318864235, "yoy": -0.4437, "latest_report": "2026-03-31"}