{"value_line": 16.956968464356972, "quality_score": 43.33484232178486, "total_share": 87761145.83333334, "eps_excl": 0.9333936928713944, "yoy": -2.5012, "latest_report": "2026-03-31"}