{"value_line": 46.075162251655634, "quality_score": 90.01655629139074, "total_share": 503333333.3333333, "eps_excl": 1.4006622516556293, "yoy": 0.9573, "latest_report": "2026-03-31"}