{"value_line": 33.52496212121212, "quality_score": 65.0, "total_share": 178983050.84745762, "eps_excl": 2.6929924242424246, "yoy": -0.6506000000000001, "latest_report": "2026-03-31"}