{"value_line": 18.464278669966312, "quality_score": 52.425253091142345, "total_share": 86843728.81355932, "eps_excl": 0.5412434569790272, "yoy": 0.22390000000000002, "latest_report": "2026-03-31"}