{"value_line": 14.151157024793388, "quality_score": 64.82644628099173, "total_share": 295121951.2195122, "eps_excl": 0.39305785123966935, "yoy": 1.6577000000000002, "latest_report": "2026-03-31"}