{"value_line": 11.830135439516654, "quality_score": 47.7606450639196, "total_share": 142797931.03448278, "eps_excl": 0.5532258025567838, "yoy": 0.1388, "latest_report": "2026-03-31"}