{"value_line": 36.46135537190082, "quality_score": 58.451694214876035, "total_share": 159210526.31578946, "eps_excl": 0.4380677685950414, "yoy": 2.6443, "latest_report": "2026-03-31"}