{"value_line": 7.743686440677966, "quality_score": 26.91843220338983, "total_share": 1123809523.8095238, "eps_excl": 0.27673728813559323, "yoy": -1.7955, "latest_report": "2026-03-31"}