{"value_line": 40.41153846153846, "quality_score": 75.26442307692307, "total_share": 148571428.57142857, "eps_excl": 1.1105769230769231, "yoy": 12.1375, "latest_report": "2026-03-31"}