{"value_line": 11.577098562272123, "quality_score": 30.1644178396641, "total_share": 133544047.61904763, "eps_excl": 0.40657671358656405, "yoy": -0.40549999999999997, "latest_report": "2026-03-31"}