{"value_line": 23.29939032055311, "quality_score": 48.34695160276555, "total_share": 970121951.2195122, "eps_excl": 1.1338780641106223, "yoy": -0.919, "latest_report": "2026-03-31"}