{"value_line": 22.03641043478261, "quality_score": 61.436454849498325, "total_share": 204794520.5479452, "eps_excl": 1.357458193979933, "yoy": -0.23559999999999998, "latest_report": "2026-03-31"}