{"value_line": 26.88505074390002, "quality_score": 67.88494346359849, "total_share": 8001587301.587301, "eps_excl": 0.5153977385439397, "yoy": 0.5589999999999999, "latest_report": "2025-12-31"}