{"value_line": 22.462354948805462, "quality_score": 65.0, "total_share": 711165048.5436893, "eps_excl": 2.4424709897610923, "yoy": -0.6014, "latest_report": "2026-03-31"}